timestamp,symbol,prediction,confidence,close_price,exit_price,price_change_pct,price_change_abs,volume,balance_simulated,p_and_l,accuracy,win_rate,horizon,resolved,actual_direction,is_correct
2026-01-31 19:31:51.364849,BTC/USDT,UP,0.9749,78483.16,77999.03,-0.6168584445376621,-484.1300000000047,1395,995.0,-5.0,0.45,52.2%,,True,DOWN,False
2026-01-31 19:31:51.958774,ETH/USDT,UP,0.9446,2397.07,2382.61,-0.6032364511674685,-14.460000000000036,37110,1002.0,2.0,0.52,47.8%,,True,DOWN,False
2026-01-31 20:21:29.833941,BTC/USDT,UP,0.9422,78028.33,78292.0,0.3379157288128533,263.66999999999825,1179,994.0,-6.0,0.44,50.0%,,True,UP,True
2026-01-31 20:21:30.474589,ETH/USDT,UP,0.8809,2412.63,2419.6,0.2888963496267475,6.9699999999998,50501,1004.0,4.0,0.54,52.1%,,True,UP,True
2026-01-31 22:01:57.743815,BTC/USDT,UP,0.9846,78128.19,78741.09,0.7844799681139346,612.8999999999942,66,998.0,-2.0,0.48,53.6%,,True,UP,True
2026-01-31 22:01:58.616796,ETH/USDT,UP,0.9557,2393.76,2451.95,2.4309036829088795,58.1899999999996,1957,999.0,-1.0,0.49,45.2%,,True,UP,True
2026-01-31 22:03:47.977427,BTC/USDT,UP,0.9774,77668.02,78741.09,1.3816111187075355,1073.0699999999924,164,997.0,-3.0,0.47,52.3%,,True,UP,True
2026-01-31 22:03:48.605307,ETH/USDT,UP,0.9548,2376.25,2451.95,3.1856917411888404,75.69999999999982,3689,998.0,-2.0,0.48,43.5%,,True,UP,True
2026-01-31 22:05:25.100652,BTC/USDT,UP,0.9688,77779.01,78741.09,1.2369404033298983,962.0800000000016,186,997.0,-3.0,0.47,52.3%,,True,UP,True
2026-01-31 22:05:25.750003,ETH/USDT,UP,0.9504,2379.24,2451.95,3.056017888065098,72.71000000000004,4611,998.0,-2.0,0.48,43.5%,,True,UP,True
2026-01-31 22:05:26.330345,BNB/USDT,UP,0.9555,768.9,781.38,1.62309793211081,12.480000000000018,1939,995.0,-5.0,0.45,56.7%,,True,UP,True
2026-01-31 22:05:26.898303,XRP/USDT,UP,0.9333,1.59,1.6472,3.5974842767295545,0.0571999999999999,1056628,994.0,-6.0,0.44,48.1%,,True,UP,True
2026-01-31 22:05:27.478644,SOL/USDT,UP,0.9654,101.72,105.58,3.794730633110499,3.86,20407,1002.0,2.0,0.52,57.1%,,True,UP,True
2026-01-31 22:05:28.068073,ADA/USDT,UP,0.9461,0.29,0.2936,1.241379310344844,0.0036,1382014,994.0,-6.0,0.44,50.0%,,True,UP,True
2026-01-31 22:05:28.919155,DOGE/USDT,UP,0.9482,0.1,0.10426,4.26,0.00426,6624843,993.0,-7.0,0.43,45.7%,,True,UP,True
2026-01-31 22:05:29.658447,MATIC/USDT,DOWN,0.7649,0.38,,,,810855,993.0,-7.0,0.43,24.0%,,,,
2026-01-31 22:05:30.212478,DOT/USDT,UP,0.9639,1.5,1.547,3.133333333333329,0.0469999999999999,118467,988.0,-12.0,0.38,49.2%,,True,UP,True
2026-01-31 22:05:30.751205,AVAX/USDT,UP,0.9533,9.84,10.12,2.8455284552845463,0.2799999999999993,22210,995.0,-5.0,0.45,46.6%,,True,UP,True
2026-01-31 22:06:57.317574,BTC/USDT,UP,0.9691,77779.66,78741.09,1.2360943722304687,961.429999999993,204,997.0,-3.0,0.47,52.3%,,True,UP,True
2026-01-31 22:06:57.885169,ETH/USDT,UP,0.9566,2378.57,2451.95,3.08504689792605,73.37999999999965,5399,998.0,-2.0,0.48,43.5%,,True,UP,True
2026-01-31 22:06:58.475055,BNB/USDT,UP,0.9554,768.46,781.38,1.6812846472165055,12.91999999999996,2303,995.0,-5.0,0.45,56.7%,,True,UP,True
2026-01-31 22:06:59.043786,XRP/USDT,UP,0.962,1.59,1.6472,3.5974842767295545,0.0571999999999999,1496066,994.0,-6.0,0.44,48.1%,,True,UP,True
2026-01-31 22:06:59.601998,SOL/USDT,UP,0.9403,101.75,105.58,3.764127764127762,3.8299999999999983,34267,1002.0,2.0,0.52,57.1%,,True,UP,True
2026-01-31 22:07:00.173808,ADA/USDT,UP,0.9455,0.29,0.2936,1.241379310344844,0.0036,1529281,994.0,-6.0,0.44,50.0%,,True,UP,True
2026-01-31 22:07:00.919650,DOGE/USDT,UP,0.9529,0.1,0.10426,4.26,0.00426,7350787,993.0,-7.0,0.43,45.7%,,True,UP,True
2026-01-31 22:07:01.478740,MATIC/USDT,DOWN,0.7649,0.38,,,,810855,993.0,-7.0,0.43,24.0%,,,,
2026-01-31 22:07:02.036056,DOT/USDT,UP,0.9662,1.5,1.547,3.133333333333329,0.0469999999999999,130454,988.0,-12.0,0.38,49.2%,,True,UP,True
2026-01-31 22:07:02.648147,AVAX/USDT,UP,0.9489,9.85,10.12,2.741116751269032,0.2699999999999996,25077,995.0,-5.0,0.45,46.6%,,True,UP,True
2026-01-31 22:24:12.496641,BTC/USDT,UP,0.924,77503.67,78741.09,1.5965953612261177,1237.4199999999985,595,998.0,-2.0,0.48,53.6%,,True,UP,True
2026-01-31 22:24:13.681454,ETH/USDT,UP,0.9619,2390.27,2451.95,2.580461621490453,61.67999999999984,17694,1000.0,0.0,0.5,47.9%,,True,UP,True
2026-01-31 22:24:14.776314,BNB/USDT,UP,0.9794,768.74,781.38,1.6442490308817008,12.639999999999986,7339,996.0,-4.0,0.46,53.4%,,True,UP,True
2026-01-31 22:24:15.774753,XRP/USDT,UP,0.9825,1.59,1.6472,3.5974842767295545,0.0571999999999999,3879253,994.0,-6.0,0.44,49.1%,,True,UP,True
2026-01-31 22:24:16.915669,SOL/USDT,UP,0.9178,101.85,105.58,3.66224840451645,3.730000000000004,90746,1006.0,6.0,0.56,61.4%,,True,UP,True
2026-01-31 22:24:18.047590,ADA/USDT,UP,0.9531,0.29,0.2936,1.241379310344844,0.0036,4034375,1000.0,0.0,0.5,55.4%,,True,UP,True
2026-01-31 22:24:19.129731,DOGE/USDT,UP,0.9886,0.1,0.10426,4.26,0.00426,21779410,993.0,-7.0,0.43,47.7%,,True,UP,True
2026-01-31 22:24:20.477514,MATIC/USDT,UP,0.634,0.38,,,,810855,993.0,-7.0,0.43,34.5%,,,,
2026-01-31 22:24:21.650514,DOT/USDT,UP,0.9837,1.5,1.547,3.133333333333329,0.0469999999999999,265213,989.0,-11.0,0.39,50.4%,,True,UP,True
2026-01-31 22:24:22.949375,AVAX/USDT,UP,0.9834,9.87,10.12,2.532928064842958,0.25,80239,996.0,-4.0,0.46,47.1%,,True,UP,True
2026-01-31 22:24:24.195306,PEPE/USDT,UP,0.869,0.0,,,,181686524431,991.0,-9.0,0.41,40.4%,,,,
2026-01-31 22:24:25.575979,SUI/USDT,UP,0.8002,1.11,1.1534,3.9099099099098993,0.0433999999999998,1697531,994.0,-6.0,0.44,55.6%,,True,UP,True
2026-01-31 22:24:27.051599,ENA/USDT,UP,0.913,0.13,0.1387,6.692307692307681,0.0086999999999999,3737186,993.0,-7.0,0.43,49.6%,,True,UP,True
2026-01-31 22:24:28.887824,ZEC/USDT,UP,0.7582,292.28,,,,6291,992.0,-8.0,0.42,50.0%,,,,
2026-01-31 22:24:30.172652,XMR/USDT,UP,0.9324,118.7,,,,3083,1002.0,2.0,0.52,57.1%,,,,
2026-01-31 22:26:43.611570,BTC/USDT,UP,0.9325,77658.0,78741.09,1.394692111566093,1083.0899999999965,637,998.0,-2.0,0.48,53.6%,,True,UP,True
2026-01-31 22:26:44.361891,ETH/USDT,UP,0.9639,2399.81,2451.95,2.172672003200248,52.13999999999987,20325,1000.0,0.0,0.5,47.9%,,True,UP,True
2026-01-31 22:26:45.079993,BNB/USDT,UP,0.9647,770.67,781.38,1.3896998715403528,10.710000000000036,7816,997.0,-3.0,0.47,54.7%,,True,UP,True
2026-01-31 22:26:45.814679,XRP/USDT,UP,0.9724,1.6,1.6472,2.9499999999999944,0.0471999999999999,4183039,994.0,-6.0,0.44,49.1%,,True,UP,True
2026-01-31 22:26:46.508050,SOL/USDT,UP,0.9047,102.18,105.58,3.3274613427285096,3.3999999999999915,100945,1007.0,7.0,0.57,62.6%,,True,UP,True
2026-01-31 22:26:47.212205,ADA/USDT,UP,0.966,0.29,0.2936,1.241379310344844,0.0036,4505882,1000.0,0.0,0.5,55.4%,,True,UP,True
2026-01-31 22:26:48.046448,DOGE/USDT,UP,0.9884,0.1,0.10426,4.26,0.00426,24098014,993.0,-7.0,0.43,47.7%,,True,UP,True
2026-01-31 22:26:48.756107,MATIC/USDT,UP,0.634,0.38,,,,810855,993.0,-7.0,0.43,34.5%,,,,
2026-01-31 22:26:49.694318,DOT/USDT,UP,0.9689,1.5,1.547,3.133333333333329,0.0469999999999999,292133,989.0,-11.0,0.39,50.4%,,True,UP,True
2026-01-31 22:26:50.811857,AVAX/USDT,UP,0.9658,9.87,10.12,2.532928064842958,0.25,95631,996.0,-4.0,0.46,47.1%,,True,UP,True
2026-01-31 22:26:51.782647,PEPE/USDT,UP,0.8735,0.0,,,,193502837024,991.0,-9.0,0.41,40.4%,,,,
2026-01-31 22:26:52.717334,SUI/USDT,UP,0.8062,1.11,1.1534,3.9099099099098993,0.0433999999999998,1844853,995.0,-5.0,0.45,56.7%,,True,UP,True
2026-01-31 22:26:53.632372,ENA/USDT,UP,0.9171,0.13,0.1387,6.692307692307681,0.0086999999999999,4061581,993.0,-7.0,0.43,49.6%,,True,UP,True
2026-01-31 22:26:55.379217,LTC/USDT,UP,0.5721,58.33,59.53,2.0572604148808558,1.2000000000000028,16529,996.0,-4.0,0.46,51.8%,,True,UP,True
2026-01-31 22:26:56.656839,LINK/USDT,UP,0.681,9.69,9.99,3.09597523219815,0.3000000000000007,132216,992.0,-8.0,0.42,46.3%,,True,UP,True
2026-01-31 22:29:43.362369,BTC/USDT,UP,0.9634,77804.8,78741.09,1.2033833388171342,936.2899999999936,711,998.0,-2.0,0.48,53.6%,,True,UP,True
2026-01-31 22:29:44.107948,ETH/USDT,UP,0.9585,2407.87,2451.95,1.830663615560638,44.07999999999993,24126,1000.0,0.0,0.5,47.9%,,True,UP,True
2026-01-31 22:29:44.886700,BNB/USDT,UP,0.9748,772.59,781.38,1.1377315264241012,8.789999999999964,10046,997.0,-3.0,0.47,54.7%,,True,UP,True
2026-01-31 22:29:45.526969,XRP/USDT,UP,0.9703,1.61,1.6472,2.310559006211174,0.0371999999999999,4768769,994.0,-6.0,0.44,49.1%,,True,UP,True
2026-01-31 22:29:46.174563,SOL/USDT,UP,0.879,102.76,105.58,2.744258466329304,2.819999999999993,132919,1007.0,7.0,0.57,62.6%,,True,UP,True
2026-01-31 22:29:47.118282,ADA/USDT,UP,0.9182,0.29,0.2936,1.241379310344844,0.0036,6000697,1000.0,0.0,0.5,55.4%,,True,UP,True
2026-01-31 22:29:48.366478,DOGE/USDT,UP,0.9785,0.1,0.10426,4.26,0.00426,30924379,994.0,-6.0,0.44,49.1%,,True,UP,True
2026-01-31 22:29:49.488677,MATIC/USDT,UP,0.634,0.38,,,,810855,993.0,-7.0,0.43,34.5%,,,,
2026-01-31 22:29:50.356393,DOT/USDT,UP,0.9756,1.51,1.547,2.4503311258278093,0.0369999999999999,325243,989.0,-11.0,0.39,50.4%,,True,UP,True
2026-01-31 22:29:51.124355,AVAX/USDT,UP,0.9489,9.92,10.12,2.0161290322580574,0.1999999999999993,115580,997.0,-3.0,0.47,48.5%,,True,UP,True
2026-01-31 22:29:52.003587,PEPE/USDT,UP,0.8505,0.0,,,,227385865591,991.0,-9.0,0.41,40.4%,,,,
2026-01-31 22:29:52.886100,SUI/USDT,UP,0.8386,1.12,1.1534,2.9821428571428457,0.0333999999999998,2125097,995.0,-5.0,0.45,56.7%,,True,UP,True
2026-01-31 22:29:53.873992,ENA/USDT,UP,0.9151,0.13,0.1387,6.692307692307681,0.0086999999999999,5180168,993.0,-7.0,0.43,49.6%,,True,UP,True
2026-01-31 22:29:56.086664,LTC/USDT,UP,0.5886,58.63,59.53,1.535050315538118,0.8999999999999986,19083,996.0,-4.0,0.46,51.8%,,True,UP,True
2026-01-31 22:29:58.151647,LINK/USDT,DOWN,0.6818,9.75,9.99,2.4615384615384635,0.2400000000000002,154721,991.0,-9.0,0.41,45.9%,,True,UP,False
2026-01-31 22:32:37.014651,BTC/USDT,UP,0.9716,77784.52,78741.09,1.229769110871922,956.5699999999924,758,998.0,-2.0,0.48,53.6%,,True,UP,True
2026-01-31 22:32:37.705944,ETH/USDT,UP,0.9248,2403.97,2451.95,1.9958651730262864,47.98000000000002,25409,1000.0,0.0,0.5,47.9%,,True,UP,True
2026-01-31 22:32:38.404402,BNB/USDT,UP,0.9758,772.0,781.38,1.2150259067357507,9.379999999999995,10493,997.0,-3.0,0.47,54.7%,,True,UP,True
2026-01-31 22:32:39.473088,XRP/USDT,UP,0.9506,1.61,1.6472,2.310559006211174,0.0371999999999999,5447693,994.0,-6.0,0.44,49.1%,,True,UP,True
2026-01-31 22:32:40.342115,SOL/USDT,UP,0.9091,102.54,105.58,2.964696703725368,3.039999999999992,147318,1007.0,7.0,0.57,62.6%,,True,UP,True
2026-01-31 22:32:41.033735,ADA/USDT,UP,0.912,0.29,0.2936,1.241379310344844,0.0036,6349889,1000.0,0.0,0.5,55.4%,,True,UP,True
2026-01-31 22:32:41.658738,DOGE/USDT,UP,0.9763,0.1,0.10426,4.26,0.00426,33407947,994.0,-6.0,0.44,49.1%,,True,UP,True
2026-01-31 22:32:42.296371,MATIC/USDT,UP,0.634,0.38,,,,810855,993.0,-7.0,0.43,34.5%,,,,
2026-01-31 22:32:43.070513,DOT/USDT,UP,0.9665,1.51,1.547,2.4503311258278093,0.0369999999999999,338499,989.0,-11.0,0.39,50.4%,,True,UP,True
2026-01-31 22:32:43.802148,AVAX/USDT,UP,0.9451,9.89,10.12,2.325581395348823,0.2299999999999986,120954,997.0,-3.0,0.47,48.5%,,True,UP,True
2026-01-31 22:32:44.659569,PEPE/USDT,UP,0.895,0.0,,,,266800808331,991.0,-9.0,0.41,40.4%,,,,
2026-01-31 22:32:45.527326,SUI/USDT,UP,0.8289,1.12,1.1534,2.9821428571428457,0.0333999999999998,2226100,995.0,-5.0,0.45,56.7%,,True,UP,True
2026-01-31 22:32:46.356226,ENA/USDT,UP,0.9323,0.13,0.1387,6.692307692307681,0.0086999999999999,5588072,993.0,-7.0,0.43,49.6%,,True,UP,True
2026-01-31 22:32:47.192172,LTC/USDT,UP,0.5996,58.51,59.53,1.7432917450008598,1.0200000000000031,20044,996.0,-4.0,0.46,51.8%,,True,UP,True
2026-01-31 22:32:48.007838,LINK/USDT,DOWN,0.7525,9.75,9.99,2.4615384615384635,0.2400000000000002,186710,991.0,-9.0,0.41,45.9%,,True,UP,False
2026-01-31 23:02:56.396323,BTC/USDT,UP,0.9557,78383.26,78902.31,0.6621949635674798,519.0500000000029,27,996.0,-4.0,0.46,54.2%,,True,UP,True
2026-01-31 23:02:57.341828,ETH/USDT,UP,0.9079,2419.19,2452.18,1.363679578701953,32.98999999999978,968,1002.0,2.0,0.52,46.7%,,True,UP,True
2026-01-31 23:02:58.262012,BNB/USDT,UP,0.9691,776.78,785.29,1.0955482890908612,8.509999999999991,182,999.0,-1.0,0.49,58.5%,,True,UP,True
2026-01-31 23:02:59.274498,XRP/USDT,UP,0.9847,1.62,1.6642,2.7283950617283823,0.0441999999999997,249331,995.0,-5.0,0.45,49.5%,,True,UP,True
2026-01-31 23:03:00.162209,SOL/USDT,UP,0.814,103.71,105.67,1.8898852569665487,1.960000000000008,4760,1010.0,10.0,0.6,64.3%,,True,UP,True
2026-01-31 23:03:01.028781,ADA/USDT,UP,0.9869,0.29,0.2957,1.965517241379324,0.0057,304707,994.0,-6.0,0.44,53.3%,,True,UP,True
2026-01-31 23:03:02.122568,DOGE/USDT,UP,0.9529,0.1,0.1049,4.899999999999988,0.0048999999999999,1432098,992.0,-8.0,0.42,45.3%,,True,UP,True
2026-01-31 23:03:03.438436,MATIC/USDT,UP,0.634,0.38,,,,810855,993.0,-7.0,0.43,34.5%,,,,
2026-01-31 23:03:04.460100,DOT/USDT,UP,0.6558,1.52,1.553,2.171052631578942,0.0329999999999999,7187,986.0,-14.0,0.36,46.7%,,True,UP,True
2026-01-31 23:03:05.454495,AVAX/USDT,UP,0.9538,9.99,10.19,2.002002002001994,0.1999999999999993,7914,993.0,-7.0,0.43,48.6%,,True,UP,True
2026-01-31 23:03:06.249895,PEPE/USDT,UP,0.8977,0.0,,,,11024754747,991.0,-9.0,0.41,40.4%,,,,
2026-01-31 23:03:07.154666,SUI/USDT,UP,0.9251,1.13,1.1615,2.787610619469034,0.0315,121053,993.0,-7.0,0.43,57.1%,,True,UP,True
2026-01-31 23:03:07.989158,ENA/USDT,DOWN,0.6055,0.14,0.1393,-0.5000000000000043,-0.0007,385191,994.0,-6.0,0.44,49.1%,,True,DOWN,True
2026-01-31 23:03:08.800021,LTC/USDT,UP,0.6224,58.79,59.66,1.4798435108011525,0.8699999999999974,569,999.0,-1.0,0.49,55.7%,,True,UP,True
2026-01-31 23:03:09.630951,LINK/USDT,DOWN,0.5098,9.83,10.02,1.932858596134278,0.1899999999999995,6178,993.0,-7.0,0.43,48.6%,,True,UP,False
2026-01-31 23:07:48.480925,ETH/USDT,UP,0.873,2418.5,2452.18,1.3925987182137622,33.67999999999984,3204,1002.0,2.0,0.52,46.7%,,True,UP,True
2026-01-31 23:07:49.099248,BNB/USDT,UP,0.9628,777.64,785.29,0.9837456920940252,7.649999999999977,930,999.0,-1.0,0.49,58.5%,,True,UP,True
2026-01-31 23:07:49.667281,XRP/USDT,UP,0.981,1.62,1.6642,2.7283950617283823,0.0441999999999997,1134958,995.0,-5.0,0.45,49.5%,,True,UP,True
2026-01-31 23:07:50.253522,SOL/USDT,UP,0.8167,103.75,105.67,1.850602409638556,1.9200000000000017,18651,1010.0,10.0,0.6,64.3%,,True,UP,True
2026-01-31 23:07:50.833640,ADA/USDT,UP,0.9853,0.29,0.2957,1.965517241379324,0.0057,2153024,994.0,-6.0,0.44,53.3%,,True,UP,True
2026-01-31 23:07:51.409639,DOGE/USDT,UP,0.9542,0.1,0.1049,4.899999999999988,0.0048999999999999,6773207,991.0,-9.0,0.41,43.8%,,True,UP,True
2026-01-31 23:07:52.169156,MATIC/USDT,UP,0.634,0.38,,,,810855,993.0,-7.0,0.43,34.5%,,,,
2026-01-31 23:07:52.782576,DOT/USDT,UP,0.6378,1.52,1.553,2.171052631578942,0.0329999999999999,32423,987.0,-13.0,0.37,47.9%,,True,UP,True
2026-01-31 23:07:53.385919,AVAX/USDT,UP,0.951,9.99,10.19,2.002002002001994,0.1999999999999993,22982,993.0,-7.0,0.43,48.6%,,True,UP,True
2026-01-31 23:07:53.935644,PEPE/USDT,UP,0.8883,0.0,,,,75678902890,991.0,-9.0,0.41,40.4%,,,,
2026-01-31 23:07:54.499277,SUI/USDT,UP,0.9189,1.13,1.1615,2.787610619469034,0.0315,594213,993.0,-7.0,0.43,57.1%,,True,UP,True
2026-01-31 23:07:55.283815,ENA/USDT,UP,0.5424,0.14,0.1393,-0.5000000000000043,-0.0007,1072338,994.0,-6.0,0.44,49.1%,,True,DOWN,False
2026-01-31 23:07:56.020590,LTC/USDT,UP,0.6224,58.75,59.66,1.5489361702127602,0.9099999999999966,3397,999.0,-1.0,0.49,55.7%,,True,UP,True
2026-01-31 23:07:56.790042,LINK/USDT,DOWN,0.6988,9.84,10.02,1.829268292682924,0.17999999999999972,31427,993.0,-7.0,0.43,48.6%,,True,UP,False
2026-01-31 23:18:47.922260,BTC/USDT,UP,0.9631,78187.98,78902.31,0.913605902083673,714.3300000000017,317,995.0,-5.0,0.45,53.0%,,True,UP,True
2026-01-31 23:18:48.661412,ETH/USDT,UP,0.909,2411.66,2452.18,1.6801705049633855,40.51999999999998,6294,1002.0,2.0,0.52,46.7%,,True,UP,True
2026-01-31 23:18:49.344775,BNB/USDT,UP,0.9809,774.29,785.29,1.4206563432305723,11.0,1692,998.0,-2.0,0.48,57.4%,,True,UP,True
2026-01-31 23:18:50.024643,XRP/USDT,UP,0.9899,1.61,1.6642,3.3664596273291805,0.0541999999999998,2579192,995.0,-5.0,0.45,49.5%,,True,UP,True
2026-01-31 23:18:50.616217,SOL/USDT,UP,0.6954,103.69,105.67,1.9095380460989528,1.980000000000004,47766,1010.0,10.0,0.6,64.3%,,True,UP,True
2026-01-31 23:18:51.255117,ADA/USDT,UP,0.9747,0.29,0.2957,1.965517241379324,0.0057,4206697,994.0,-6.0,0.44,53.3%,,True,UP,True
2026-01-31 23:18:52.483002,DOGE/USDT,UP,0.9559,0.1,0.1049,4.899999999999988,0.0048999999999999,15869049,991.0,-9.0,0.41,43.8%,,True,UP,True
2026-01-31 23:18:53.089345,MATIC/USDT,UP,0.634,0.38,,,,810855,993.0,-7.0,0.43,34.5%,,,,
2026-01-31 23:18:53.736339,DOT/USDT,UP,0.6673,1.52,1.553,2.171052631578942,0.0329999999999999,76114,986.0,-14.0,0.36,46.7%,,True,UP,True
2026-01-31 23:18:54.332415,AVAX/USDT,UP,0.9711,9.94,10.19,2.5150905432595576,0.25,71655,992.0,-8.0,0.42,47.3%,,True,UP,True
2026-01-31 23:18:55.250295,PEPE/USDT,UP,0.7871,0.0,,,,157633618260,991.0,-9.0,0.41,40.4%,,,,
2026-01-31 23:18:56.055929,SUI/USDT,UP,0.905,1.12,1.1615,3.7053571428571312,0.0414999999999998,938875,992.0,-8.0,0.42,56.1%,,True,UP,True
2026-01-31 23:18:56.852248,ENA/USDT,UP,0.6065,0.14,0.1393,-0.5000000000000043,-0.0007,3023648,993.0,-7.0,0.43,47.7%,,True,DOWN,False
2026-01-31 23:18:57.634027,LTC/USDT,UP,0.8131,58.55,59.66,1.895815542271562,1.1099999999999994,9338,999.0,-1.0,0.49,55.7%,,True,UP,True
2026-01-31 23:18:58.421558,LINK/USDT,DOWN,0.5744,9.8,10.02,2.2448979591836618,0.21999999999999886,88371,994.0,-6.0,0.44,49.1%,,True,UP,False
2026-01-31 23:21:03.465508,BTC/USDT,UP,0.9621,78116.68,78902.31,1.0057135044653776,785.6300000000047,350,995.0,-5.0,0.45,53.0%,,True,UP,True
2026-01-31 23:21:04.047490,ETH/USDT,UP,0.8584,2410.08,2452.18,1.7468299807475232,42.09999999999991,7245,1002.0,2.0,0.52,46.7%,,True,UP,True
2026-01-31 23:21:04.632041,BNB/USDT,UP,0.98,773.5,785.29,1.5242404654169313,11.789999999999964,1857,998.0,-2.0,0.48,57.4%,,True,UP,True
2026-01-31 23:21:05.211882,XRP/USDT,UP,0.9911,1.61,1.6642,3.3664596273291805,0.0541999999999998,2874491,995.0,-5.0,0.45,49.5%,,True,UP,True
2026-01-31 23:21:05.803376,SOL/USDT,UP,0.6954,103.67,105.67,1.9291984180572967,2.0,50676,1010.0,10.0,0.6,64.3%,,True,UP,True
2026-01-31 23:21:06.410241,ADA/USDT,UP,0.9765,0.29,0.2957,1.965517241379324,0.0057,4708675,994.0,-6.0,0.44,53.3%,,True,UP,True
2026-01-31 23:21:07.336002,DOGE/USDT,UP,0.9597,0.1,0.1049,4.899999999999988,0.0048999999999999,17295630,991.0,-9.0,0.41,43.8%,,True,UP,True
2026-01-31 23:21:07.979756,MATIC/USDT,UP,0.634,0.38,,,,810855,993.0,-7.0,0.43,34.5%,,,,
2026-01-31 23:21:08.581177,DOT/USDT,UP,0.8774,1.51,1.553,2.847682119205293,0.0429999999999999,109411,986.0,-14.0,0.36,46.7%,,True,UP,True
2026-01-31 23:21:09.139614,AVAX/USDT,UP,0.9792,9.93,10.19,2.6183282980866043,0.2599999999999998,73259,992.0,-8.0,0.42,47.3%,,True,UP,True
2026-01-31 23:21:09.691086,PEPE/USDT,UP,0.7542,0.0,,,,167049045585,991.0,-9.0,0.41,40.4%,,,,
2026-01-31 23:21:10.328599,SUI/USDT,UP,0.881,1.12,1.1615,3.7053571428571312,0.0414999999999998,978402,992.0,-8.0,0.42,56.1%,,True,UP,True
2026-01-31 23:21:11.108188,ENA/USDT,UP,0.6918,0.14,0.1393,-0.5000000000000043,-0.0007,3087288,993.0,-7.0,0.43,47.7%,,True,DOWN,False
2026-01-31 23:21:11.845667,LTC/USDT,UP,0.8131,58.52,59.66,1.948051948051937,1.1399999999999937,9760,999.0,-1.0,0.49,55.7%,,True,UP,True
2026-01-31 23:21:12.633236,LINK/USDT,DOWN,0.5696,9.8,10.02,2.2448979591836618,0.21999999999999886,99223,994.0,-6.0,0.44,49.1%,,True,UP,False
2026-01-31 23:23:10.625987,BTC/USDT,UP,0.9621,78124.0,78902.31,0.9962495519942626,778.3099999999977,379,995.0,-5.0,0.45,53.0%,,True,UP,True
2026-01-31 23:23:11.220780,ETH/USDT,UP,0.8491,2410.53,2452.18,1.7278357871505283,41.64999999999964,7549,1002.0,2.0,0.52,46.7%,,True,UP,True
2026-01-31 23:23:11.829802,BNB/USDT,UP,0.98,773.69,785.29,1.4993085085757742,11.599999999999907,1959,998.0,-2.0,0.48,57.4%,,True,UP,True
2026-01-31 23:23:12.412127,XRP/USDT,UP,0.9888,1.61,1.6642,3.3664596273291805,0.0541999999999998,3116439,995.0,-5.0,0.45,49.5%,,True,UP,True
2026-01-31 23:23:12.994787,SOL/USDT,UP,0.6993,103.53,105.67,2.067033710035739,2.140000000000001,54590,1010.0,10.0,0.6,64.3%,,True,UP,True
2026-01-31 23:23:13.621406,ADA/USDT,UP,0.9765,0.29,0.2957,1.965517241379324,0.0057,5015218,994.0,-6.0,0.44,53.3%,,True,UP,True
2026-01-31 23:23:14.362578,DOGE/USDT,UP,0.9597,0.1,0.1049,4.899999999999988,0.0048999999999999,18304252,991.0,-9.0,0.41,43.8%,,True,UP,True
2026-01-31 23:23:14.949225,MATIC/USDT,UP,0.634,0.38,,,,810855,993.0,-7.0,0.43,34.5%,,,,
2026-01-31 23:23:15.563755,DOT/USDT,UP,0.9041,1.51,1.553,2.847682119205293,0.0429999999999999,129963,986.0,-14.0,0.36,46.7%,,True,UP,True
2026-01-31 23:23:16.131504,AVAX/USDT,UP,0.9792,9.93,10.19,2.6183282980866043,0.2599999999999998,74242,992.0,-8.0,0.42,47.3%,,True,UP,True
2026-01-31 23:23:16.725805,PEPE/USDT,UP,0.7559,0.0,,,,178402531007,991.0,-9.0,0.41,40.4%,,,,
2026-01-31 23:23:17.379615,SUI/USDT,UP,0.9238,1.12,1.1615,3.7053571428571312,0.0414999999999998,1121843,992.0,-8.0,0.42,56.1%,,True,UP,True
2026-01-31 23:23:18.075163,ENA/USDT,UP,0.6918,0.14,0.1393,-0.5000000000000043,-0.0007,3600376,993.0,-7.0,0.43,47.7%,,True,DOWN,False
2026-01-31 23:23:18.907860,LTC/USDT,UP,0.6123,58.52,59.66,1.948051948051937,1.1399999999999937,10660,999.0,-1.0,0.49,55.7%,,True,UP,True
2026-01-31 23:23:19.700615,LINK/USDT,DOWN,0.5439,9.79,10.02,2.3493360572012305,0.23000000000000043,102961,994.0,-6.0,0.44,49.1%,,True,UP,False
2026-01-31 23:25:55.049393,BTC/USDT,UP,0.9491,78250.3,78902.31,0.8332364220967775,652.0099999999948,413,995.0,-5.0,0.45,53.0%,,True,UP,True
2026-01-31 23:25:55.822642,ETH/USDT,UP,0.8371,2414.62,2452.18,1.555524264687609,37.559999999999945,7931,1002.0,2.0,0.52,46.7%,,True,UP,True
2026-01-31 23:25:56.411911,BNB/USDT,UP,0.98,775.52,785.29,1.2597998762120877,9.769999999999982,2125,998.0,-2.0,0.48,57.4%,,True,UP,True
2026-01-31 23:25:57.010349,XRP/USDT,UP,0.9867,1.61,1.6642,3.3664596273291805,0.0541999999999998,3314193,995.0,-5.0,0.45,49.5%,,True,UP,True
2026-01-31 23:25:57.591462,SOL/USDT,UP,0.6925,103.75,105.67,1.850602409638556,1.9200000000000017,58650,1010.0,10.0,0.6,64.3%,,True,UP,True
2026-01-31 23:25:58.205061,ADA/USDT,UP,0.9667,0.29,0.2957,1.965517241379324,0.0057,5301703,994.0,-6.0,0.44,53.3%,,True,UP,True
2026-01-31 23:25:58.948617,DOGE/USDT,UP,0.9562,0.1,0.1049,4.899999999999988,0.0048999999999999,20740985,991.0,-9.0,0.41,43.8%,,True,UP,True
2026-01-31 23:25:59.571861,MATIC/USDT,UP,0.634,0.38,,,,810855,993.0,-7.0,0.43,34.5%,,,,
2026-01-31 23:26:00.170988,DOT/USDT,UP,0.9084,1.51,1.553,2.847682119205293,0.0429999999999999,151538,986.0,-14.0,0.36,46.7%,,True,UP,True
2026-01-31 23:26:00.767803,AVAX/USDT,UP,0.9712,9.95,10.19,2.41206030150754,0.2400000000000002,77108,992.0,-8.0,0.42,47.3%,,True,UP,True
2026-01-31 23:26:01.375053,PEPE/USDT,UP,0.8517,0.0,,,,187415292890,991.0,-9.0,0.41,40.4%,,,,
2026-01-31 23:26:02.184667,SUI/USDT,UP,0.9281,1.12,1.1615,3.7053571428571312,0.0414999999999998,1166628,992.0,-8.0,0.42,56.1%,,True,UP,True
2026-01-31 23:26:02.957324,ENA/USDT,UP,0.6979,0.14,0.1393,-0.5000000000000043,-0.0007,3988318,993.0,-7.0,0.43,47.7%,,True,DOWN,False
2026-01-31 23:26:03.751452,LTC/USDT,UP,0.5533,58.6,59.66,1.8088737201365104,1.0599999999999952,12050,999.0,-1.0,0.49,55.7%,,True,UP,True
2026-01-31 23:26:04.584956,LINK/USDT,DOWN,0.5708,9.81,10.02,2.140672782874608,0.20999999999999908,108641,994.0,-6.0,0.44,49.1%,,True,UP,False
2026-01-31 23:27:58.545092,BTC/USDT,UP,0.9491,78183.27,78902.31,0.9196852472402262,719.0399999999936,435,995.0,-5.0,0.45,53.0%,,True,UP,True
2026-01-31 23:27:59.188977,ETH/USDT,UP,0.8371,2413.06,2452.18,1.6211780892310963,39.11999999999989,8145,1002.0,2.0,0.52,46.7%,,True,UP,True
2026-01-31 23:27:59.795240,BNB/USDT,UP,0.98,774.73,785.29,1.3630555161152846,10.559999999999944,2224,998.0,-2.0,0.48,57.4%,,True,UP,True
2026-01-31 23:28:00.497189,XRP/USDT,UP,0.988,1.61,1.6642,3.3664596273291805,0.0541999999999998,3524106,995.0,-5.0,0.45,49.5%,,True,UP,True
2026-01-31 23:28:01.117194,SOL/USDT,UP,0.7024,103.78,105.67,1.8211601464636733,1.8900000000000008,67705,1010.0,10.0,0.6,64.3%,,True,UP,True
2026-01-31 23:28:01.735666,ADA/USDT,UP,0.9638,0.29,0.2957,1.965517241379324,0.0057,5465610,994.0,-6.0,0.44,53.3%,,True,UP,True
2026-01-31 23:28:02.418097,DOGE/USDT,UP,0.954,0.1,0.1049,4.899999999999988,0.0048999999999999,21782232,991.0,-9.0,0.41,43.8%,,True,UP,True
2026-01-31 23:28:03.023896,MATIC/USDT,UP,0.634,0.38,,,,810855,993.0,-7.0,0.43,34.5%,,,,
2026-01-31 23:28:03.633003,DOT/USDT,UP,0.9111,1.51,1.553,2.847682119205293,0.0429999999999999,159144,986.0,-14.0,0.36,46.7%,,True,UP,True
2026-01-31 23:28:04.275878,AVAX/USDT,UP,0.967,9.95,10.19,2.41206030150754,0.2400000000000002,80646,992.0,-8.0,0.42,47.3%,,True,UP,True
2026-01-31 23:28:04.930305,PEPE/USDT,UP,0.7559,0.0,,,,187593515773,991.0,-9.0,0.41,40.4%,,,,
2026-01-31 23:28:05.764775,SUI/USDT,UP,0.9281,1.12,1.1615,3.7053571428571312,0.0414999999999998,1181404,992.0,-8.0,0.42,56.1%,,True,UP,True
2026-01-31 23:28:06.623337,ENA/USDT,UP,0.72,0.14,0.1393,-0.5000000000000043,-0.0007,4461879,993.0,-7.0,0.43,47.7%,,True,DOWN,False
2026-01-31 23:28:07.471614,LTC/USDT,UP,0.5671,58.62,59.66,1.774138519276696,1.0399999999999991,13128,999.0,-1.0,0.49,55.7%,,True,UP,True
2026-01-31 23:28:08.282243,LINK/USDT,DOWN,0.5439,9.8,10.02,2.2448979591836618,0.21999999999999886,111695,994.0,-6.0,0.44,49.1%,,True,UP,False
2026-01-31 23:31:34.679428,BTC/USDT,UP,0.9637,78296.0,78902.31,0.7743818330438307,606.3099999999977,484,996.0,-4.0,0.46,54.2%,,True,UP,True
2026-01-31 23:31:35.572300,ETH/USDT,UP,0.8801,2417.23,2452.18,1.4458698593017552,34.94999999999982,9011,1002.0,2.0,0.52,46.7%,,True,UP,True
2026-01-31 23:31:36.257609,BNB/USDT,UP,0.9822,775.71,785.29,1.2349976150881037,9.579999999999927,2456,998.0,-2.0,0.48,57.4%,,True,UP,True
2026-01-31 23:31:36.852349,XRP/USDT,UP,0.9801,1.61,1.6642,3.3664596273291805,0.0541999999999998,3992231,995.0,-5.0,0.45,49.5%,,True,UP,True
2026-01-31 23:31:37.564905,SOL/USDT,UP,0.7673,103.95,105.67,1.6546416546416536,1.7199999999999989,80915,1010.0,10.0,0.6,64.3%,,True,UP,True
2026-01-31 23:31:38.631952,ADA/USDT,UP,0.96,0.29,0.2957,1.965517241379324,0.0057,5932634,994.0,-6.0,0.44,53.3%,,True,UP,True
2026-01-31 23:31:39.344900,DOGE/USDT,UP,0.9559,0.1,0.1049,4.899999999999988,0.0048999999999999,23895711,991.0,-9.0,0.41,43.8%,,True,UP,True
2026-01-31 23:31:39.952785,MATIC/USDT,UP,0.634,0.38,,,,810855,993.0,-7.0,0.43,34.5%,,,,
2026-01-31 23:31:40.551142,DOT/USDT,UP,0.9122,1.52,1.553,2.171052631578942,0.0329999999999999,171649,986.0,-14.0,0.36,46.7%,,True,UP,True
2026-01-31 23:31:41.362442,AVAX/USDT,UP,0.9589,9.96,10.19,2.309236947791151,0.2299999999999986,85807,992.0,-8.0,0.42,47.3%,,True,UP,True
2026-01-31 23:31:42.284621,PEPE/USDT,UP,0.8457,0.0,,,,201837128304,991.0,-9.0,0.41,40.4%,,,,
2026-01-31 23:31:43.262764,SUI/USDT,UP,0.9183,1.12,1.1615,3.7053571428571312,0.0414999999999998,1330683,992.0,-8.0,0.42,56.1%,,True,UP,True
2026-01-31 23:31:44.177694,ENA/USDT,UP,0.7673,0.14,0.1393,-0.5000000000000043,-0.0007,5159264,993.0,-7.0,0.43,47.7%,,True,DOWN,False
2026-01-31 23:31:45.196865,LTC/USDT,UP,0.5847,58.58,59.66,1.8436326391259787,1.0799999999999983,14704,999.0,-1.0,0.49,55.7%,,True,UP,True
2026-01-31 23:31:46.010486,LINK/USDT,UP,0.5499,9.82,10.02,2.0366598778004,0.1999999999999993,117913,994.0,-6.0,0.44,49.1%,,True,UP,True
2026-02-01 00:08:26.700350,BTC/USDT,UP,0.9767,78276.52,78532.17,0.3265985764313413,255.6499999999941,158,995.0,-5.0,0.45,53.8%,,True,UP,True
2026-02-01 00:08:27.668556,ETH/USDT,UP,0.8517,2427.52,2444.7,0.707718165040858,17.179999999999836,3193,1003.0,3.0,0.53,47.2%,,True,UP,True
2026-02-01 00:08:28.319319,BNB/USDT,UP,0.9714,776.28,784.99,1.1220178286185445,8.710000000000036,722,993.0,-7.0,0.43,53.7%,,True,UP,True
2026-02-01 00:08:28.948923,XRP/USDT,UP,0.9733,1.62,1.6608,2.518518518518515,0.0407999999999999,650467,993.0,-7.0,0.43,48.6%,,True,UP,True
2026-02-01 00:08:29.561895,SOL/USDT,UP,0.7414,104.28,104.99,0.6808592251630166,0.7099999999999937,30917,1011.0,11.0,0.61,65.5%,,True,UP,True
2026-02-01 00:08:30.246888,ADA/USDT,UP,0.8936,0.29,0.2956,1.9310344827586188,0.0055999999999999,795311,991.0,-9.0,0.41,48.7%,,True,UP,True
2026-02-01 00:08:30.817382,DOGE/USDT,UP,0.9861,0.1,0.1049,4.899999999999988,0.0048999999999999,5346040,994.0,-6.0,0.44,48.1%,,True,UP,True
2026-02-01 00:08:31.416168,MATIC/USDT,UP,0.6611,0.38,,,,810855,993.0,-7.0,0.43,34.5%,,,,
2026-02-01 00:08:32.028984,DOT/USDT,UP,0.8008,1.53,1.551,1.3725490196078372,0.0209999999999999,11099,992.0,-8.0,0.42,53.2%,,True,UP,True
2026-02-01 00:08:32.694754,AVAX/USDT,UP,0.8057,9.99,10.17,1.801801801801799,0.1799999999999997,15840,995.0,-5.0,0.45,48.6%,,True,UP,True
2026-02-01 00:08:33.481271,PEPE/USDT,UP,0.8914,0.0,,,,40684207141,992.0,-8.0,0.42,42.0%,,,,
2026-02-01 00:08:34.434011,SUI/USDT,UP,0.9438,1.13,1.1588,2.548672566371696,0.0288000000000001,167336,993.0,-7.0,0.43,57.1%,,True,UP,True
2026-02-01 00:08:35.254996,ENA/USDT,DOWN,0.6211,0.14,0.1397,-0.2142857142857303,-0.0003,363615,994.0,-6.0,0.44,50.0%,,True,DOWN,True
2026-02-01 00:08:36.107106,LTC/USDT,UP,0.8389,58.86,59.52,1.121304791029568,0.6600000000000037,3857,999.0,-1.0,0.49,54.1%,,True,UP,True
2026-02-01 00:08:36.932734,LINK/USDT,UP,0.8385,9.84,10.01,1.7276422764227635,0.16999999999999993,13306,993.0,-7.0,0.43,48.6%,,True,UP,True
2026-02-01 00:15:01.832371,BTC/USDT,UP,0.9826,78231.55,78532.17,0.3842695178607548,300.61999999999534,289,995.0,-5.0,0.45,53.8%,,True,UP,True
2026-02-01 00:15:02.516757,ETH/USDT,UP,0.8086,2421.68,2444.7,0.9505797628092888,23.019999999999985,6570,1003.0,3.0,0.53,47.2%,,True,UP,True
2026-02-01 00:15:03.176624,BNB/USDT,UP,0.9675,776.51,784.99,1.0920657815095771,8.480000000000018,2026,993.0,-7.0,0.43,53.7%,,True,UP,True
2026-02-01 00:15:03.763553,XRP/USDT,UP,0.9616,1.62,1.6608,2.518518518518515,0.0407999999999999,1260895,993.0,-7.0,0.43,48.6%,,True,UP,True
2026-02-01 00:15:04.418820,SOL/USDT,UP,0.755,104.38,104.99,0.5844031423644371,0.6099999999999994,53814,1011.0,11.0,0.61,65.5%,,True,UP,True
2026-02-01 00:15:05.114464,ADA/USDT,UP,0.8667,0.29,0.2956,1.9310344827586188,0.0055999999999999,1519155,991.0,-9.0,0.41,48.7%,,True,UP,True
2026-02-01 00:15:05.687166,DOGE/USDT,UP,0.9871,0.1,0.1049,4.899999999999988,0.0048999999999999,16006602,994.0,-6.0,0.44,48.1%,,True,UP,True
2026-02-01 00:15:06.259339,MATIC/USDT,UP,0.6611,0.38,,,,810855,993.0,-7.0,0.43,34.5%,,,,
2026-02-01 00:15:06.817637,DOT/USDT,UP,0.775,1.52,1.551,2.0394736842105208,0.0309999999999999,41188,991.0,-9.0,0.41,52.0%,,True,UP,True
2026-02-01 00:15:07.389699,AVAX/USDT,UP,0.8758,10.01,10.17,1.5984015984015998,0.1600000000000001,26970,995.0,-5.0,0.45,48.6%,,True,UP,True
2026-02-01 00:15:07.970604,PEPE/USDT,UP,0.8125,0.0,,,,60553029855,992.0,-8.0,0.42,42.0%,,,,
2026-02-01 00:15:08.621325,SUI/USDT,UP,0.9337,1.13,1.1588,2.548672566371696,0.0288000000000001,353347,993.0,-7.0,0.43,57.1%,,True,UP,True
2026-02-01 00:15:09.360174,ENA/USDT,DOWN,0.6007,0.14,0.1397,-0.2142857142857303,-0.0003,785979,994.0,-6.0,0.44,50.0%,,True,DOWN,True
2026-02-01 00:15:10.131561,LTC/USDT,UP,0.8714,58.87,59.52,1.1041277390861317,0.6500000000000057,6150,999.0,-1.0,0.49,54.1%,,True,UP,True
2026-02-01 00:15:10.870352,LINK/USDT,UP,0.7714,9.83,10.01,1.831129196337739,0.17999999999999972,32652,993.0,-7.0,0.43,48.6%,,True,UP,True
2026-02-01 00:41:59.230548,BTC/USDT,UP,0.9901,78960.0,78532.17,-0.5418313069908837,-427.83000000000175,1205,995.0,-5.0,0.45,53.8%,,True,DOWN,False
2026-02-01 00:42:01.163831,ETH/USDT,UP,0.8447,2453.54,2444.7,-0.3602957359570313,-8.840000000000146,41012,1003.0,3.0,0.53,47.2%,,True,DOWN,False
2026-02-01 00:42:03.091702,BNB/USDT,UP,0.9557,782.54,784.99,0.3130830372888345,2.450000000000045,8967,993.0,-7.0,0.43,53.7%,,True,UP,True
2026-02-01 00:42:04.909144,XRP/USDT,UP,0.9176,1.64,1.6608,1.2682926829268386,0.0208000000000001,8902071,993.0,-7.0,0.43,48.6%,,True,UP,True
2026-02-01 00:42:07.069736,SOL/USDT,UP,0.8138,105.6,104.99,-0.5776515151515146,-0.6099999999999994,222341,1011.0,11.0,0.61,65.5%,,True,DOWN,False
2026-02-01 00:42:08.828246,ADA/USDT,UP,0.8918,0.29,0.2956,1.9310344827586188,0.0055999999999999,8738259,991.0,-9.0,0.41,48.7%,,True,UP,True
2026-02-01 00:42:10.681199,DOGE/USDT,UP,0.9648,0.1,0.1049,4.899999999999988,0.0048999999999999,57961376,994.0,-6.0,0.44,48.1%,,True,UP,True
2026-02-01 00:42:12.467235,MATIC/USDT,UP,0.6611,0.38,,,,810855,993.0,-7.0,0.43,34.5%,,,,
2026-02-01 00:42:14.369146,DOT/USDT,UP,0.9209,1.55,1.551,0.0645161290322509,0.0009999999999998,357278,992.0,-8.0,0.42,53.2%,,True,UP,True
2026-02-01 00:42:16.200547,AVAX/USDT,UP,0.9548,10.12,10.17,0.4940711462450663,0.0500000000000007,143436,995.0,-5.0,0.45,48.6%,,True,UP,True
2026-02-01 00:42:18.032774,PEPE/USDT,UP,0.8681,0.0,,,,407138422460,993.0,-7.0,0.43,43.6%,,,,
2026-02-01 00:42:19.831842,SUI/USDT,UP,0.9766,1.15,1.1588,0.7652173913043602,0.0088000000000001,3295395,993.0,-7.0,0.43,57.1%,,True,UP,True
2026-02-01 00:42:21.686086,ENA/USDT,UNSURE,0.5,0.14,0.1397,-0.2142857142857303,-0.0003,6835739,994.0,-6.0,0.44,50.0%,,True,DOWN,False
2026-02-01 00:42:23.481942,LTC/USDT,UP,0.8204,59.55,59.52,-0.0503778337531386,-0.029999999999994,31869,999.0,-1.0,0.49,54.1%,,True,DOWN,False
2026-02-01 00:42:25.277755,LINK/USDT,UP,0.7807,9.96,10.01,0.5020080321285033,0.049999999999998934,205583,993.0,-7.0,0.43,48.6%,,True,UP,True
2026-02-01 00:55:24.324129,BTC/USDT,UP,0.9696,78788.38,78532.17,-0.325187546691538,-256.2100000000064,1466,997.0,-3.0,0.47,53.9%,,True,DOWN,False
2026-02-01 00:55:25.883227,ETH/USDT,UP,0.7552,2447.09,2444.7,-0.0976670249153209,-2.3900000000003274,50071,999.0,-1.0,0.49,46.3%,,True,DOWN,False
2026-02-01 00:55:26.824000,BNB/USDT,UP,0.9684,780.9,784.99,0.5237546420796557,4.090000000000032,10894,994.0,-6.0,0.44,56.2%,,True,UP,True
2026-02-01 00:55:27.662818,XRP/USDT,UP,0.9115,1.65,1.6608,0.6545454545454632,0.0108000000000001,10416295,999.0,-1.0,0.49,54.1%,,True,UP,True
2026-02-01 00:55:28.416846,SOL/USDT,UP,0.7461,105.59,104.99,-0.5682356283739071,-0.6000000000000085,251595,1006.0,6.0,0.56,62.1%,,True,DOWN,False
2026-02-01 00:55:29.296723,ADA/USDT,UP,0.9456,0.29,0.2956,1.9310344827586188,0.0055999999999999,10280851,994.0,-6.0,0.44,53.3%,,True,UP,True
2026-02-01 00:55:30.284137,DOGE/USDT,UP,0.9734,0.1,0.1049,4.899999999999988,0.0048999999999999,67633262,996.0,-4.0,0.46,50.0%,,True,UP,True
2026-02-01 00:55:31.301341,MATIC/USDT,UNSURE,0.5,0.38,,,,810855,995.0,-5.0,0.45,22.5%,,,,
2026-02-01 00:55:32.547941,DOT/USDT,UP,0.8039,1.54,1.551,0.7142857142857076,0.0109999999999998,402820,989.0,-11.0,0.39,49.6%,,True,UP,True
2026-02-01 00:55:33.671147,AVAX/USDT,UP,0.9152,10.12,10.17,0.4940711462450663,0.0500000000000007,166972,991.0,-9.0,0.41,44.9%,,True,UP,True
2026-02-01 00:55:34.582299,PEPE/USDT,UP,0.8781,0.0,,,,451300013702,992.0,-8.0,0.42,43.1%,,,,
2026-02-01 00:55:35.496144,SUI/USDT,UP,0.9234,1.15,1.1588,0.7652173913043602,0.0088000000000001,3744239,994.0,-6.0,0.44,58.2%,,True,UP,True
2026-02-01 00:55:36.344616,ENA/USDT,UP,0.8407,0.14,0.1397,-0.2142857142857303,-0.0003,7699823,996.0,-4.0,0.46,50.0%,,True,DOWN,False
2026-02-01 00:55:37.207946,LTC/USDT,UP,0.7756,59.51,59.52,0.0168038985044616,0.0100000000000051,37790,995.0,-5.0,0.45,50.5%,,True,FLAT,False
2026-02-01 00:55:38.061153,LINK/USDT,UP,0.8854,9.98,10.01,0.3006012024048032,0.02999999999999936,236349,993.0,-7.0,0.43,50.4%,,True,UP,True
2026-02-01 01:25:45.535019,BTC/USDT,UP,0.9895,79008.1,78900.01,-0.1368087575830972,-108.09000000001106,828,996.0,-4.0,0.46,54.2%,,True,DOWN,False
2026-02-01 01:25:45.641387,ETH/USDT,UP,0.6529,2461.45,2452.61,-0.3591379065185029,-8.83999999999969,17131,999.0,-1.0,0.49,46.3%,,True,DOWN,False
2026-02-01 01:25:45.746657,BNB/USDT,UP,0.9904,782.47,786.99,0.5776579293774817,4.519999999999982,3584,994.0,-6.0,0.44,56.2%,,True,UP,True
2026-02-01 01:25:45.855894,XRP/USDT,UP,0.9212,1.67,1.6706,0.0359281437125841,0.0006000000000001,5647497,1000.0,0.0,0.5,55.4%,,True,FLAT,False
2026-02-01 01:25:45.961084,SOL/USDT,UP,0.7933,105.9,105.56,-0.3210576015108625,-0.3400000000000034,60236,1007.0,7.0,0.57,63.2%,,True,DOWN,False
2026-02-01 01:25:46.065014,ADA/USDT,UP,0.9274,0.3,0.2961,-1.300000000000005,-0.0039,3786938,995.0,-5.0,0.45,53.8%,,True,DOWN,False
2026-02-01 01:25:46.171286,DOGE/USDT,UP,0.9898,0.1,0.10513,5.129999999999996,0.0051299999999999,26555116,996.0,-4.0,0.46,50.0%,,True,UP,True
2026-02-01 01:25:46.276372,MATIC/USDT,UNSURE,0.5,0.38,,,,810855,995.0,-5.0,0.45,22.5%,,,,
2026-02-01 01:25:46.381598,DOT/USDT,UP,0.9459,1.55,1.555,0.3225806451612834,0.0049999999999998,119418,990.0,-10.0,0.4,50.8%,,True,UP,True
2026-02-01 01:25:46.485403,AVAX/USDT,UP,0.9463,10.17,10.21,0.3933136676499599,0.0400000000000009,83345,993.0,-7.0,0.43,47.7%,,True,UP,True
2026-02-01 01:25:46.592797,PEPE/USDT,UP,0.8766,0.0,,,,160424827240,993.0,-7.0,0.43,44.7%,,,,
2026-02-01 01:25:46.699352,SUI/USDT,UP,0.9507,1.15,1.1503,0.0260869565217555,0.0003000000000001,1392070,994.0,-6.0,0.44,58.2%,,True,FLAT,False
2026-02-01 01:25:46.804580,ENA/USDT,UP,0.601,0.14,0.1393,-0.5000000000000043,-0.0007,4274881,997.0,-3.0,0.47,51.4%,,True,DOWN,False
2026-02-01 01:25:46.914513,LTC/USDT,UNSURE,0.4858,59.64,59.83,0.3185781354795401,0.1899999999999977,12644,996.0,-4.0,0.46,51.8%,,True,UP,False
2026-02-01 01:25:47.217565,LINK/USDT,UP,0.9109,10.01,10.05,0.3996003996004088,0.040000000000000924,96497,994.0,-6.0,0.44,51.7%,,True,UP,True
2026-02-01 01:55:55.250065,BTC/USDT,UP,0.959,79009.6,78900.01,-0.1387046637370788,-109.59000000001106,1682,996.0,-4.0,0.46,54.2%,,True,DOWN,False
2026-02-01 01:55:55.355574,ETH/USDT,UNSURE,0.5,2456.47,2452.61,-0.1571360529540223,-3.8599999999996726,30728,999.0,-1.0,0.49,46.3%,,True,DOWN,False
2026-02-01 01:55:55.459529,BNB/USDT,UP,0.9288,785.23,786.99,0.2241381506055539,1.759999999999991,7621,994.0,-6.0,0.44,56.2%,,True,UP,True
2026-02-01 01:55:55.566116,XRP/USDT,UP,0.8205,1.67,1.6706,0.0359281437125841,0.0006000000000001,12834687,1000.0,0.0,0.5,55.4%,,True,FLAT,False
2026-02-01 01:55:55.671114,SOL/USDT,UP,0.857,105.75,105.56,-0.1796690307328583,-0.1899999999999977,118833,1007.0,7.0,0.57,63.2%,,True,DOWN,False
2026-02-01 01:55:55.777732,ADA/USDT,UP,0.9127,0.3,0.2961,-1.300000000000005,-0.0039,8187992,995.0,-5.0,0.45,53.8%,,True,DOWN,False
2026-02-01 01:55:55.883499,DOGE/USDT,UP,0.9878,0.1,0.10513,5.129999999999996,0.0051299999999999,46630718,996.0,-4.0,0.46,50.0%,,True,UP,True
2026-02-01 01:55:55.988980,MATIC/USDT,UNSURE,0.5,0.38,,,,810855,995.0,-5.0,0.45,22.5%,,,,
2026-02-01 01:55:56.092823,DOT/USDT,UP,0.9592,1.55,1.555,0.3225806451612834,0.0049999999999998,221776,990.0,-10.0,0.4,50.8%,,True,UP,True
2026-02-01 01:55:56.199901,AVAX/USDT,UP,0.9375,10.19,10.21,0.1962708537782272,0.0200000000000013,171627,993.0,-7.0,0.43,47.7%,,True,UP,True
2026-02-01 01:55:56.305850,PEPE/USDT,UP,0.7848,0.0,,,,330667295312,992.0,-8.0,0.42,43.1%,,,,
2026-02-01 01:55:56.410702,SUI/USDT,UP,0.9589,1.16,1.1503,-0.8362068965517087,-0.0096999999999998,2281435,994.0,-6.0,0.44,58.2%,,True,DOWN,False
2026-02-01 01:55:56.518531,ENA/USDT,UP,0.6628,0.14,0.1393,-0.5000000000000043,-0.0007,7852773,997.0,-3.0,0.47,51.4%,,True,DOWN,False
2026-02-01 01:55:56.624416,LTC/USDT,UNSURE,0.5,59.67,59.83,0.2681414446120271,0.1599999999999966,21120,996.0,-4.0,0.46,51.8%,,True,UP,False
2026-02-01 01:55:56.730863,LINK/USDT,UP,0.8412,10.03,10.05,0.19940179461616503,0.02000000000000135,202905,994.0,-6.0,0.44,51.7%,,True,UP,True
2026-02-01 02:26:07.916876,BTC/USDT,UP,0.9906,78599.64,78868.28,0.3417827359005708,268.6399999999994,687,997.0,-3.0,0.47,54.7%,,True,UP,True
2026-02-01 02:26:08.023965,ETH/USDT,UP,0.9355,2440.26,2445.46,0.2130920475686942,5.199999999999818,14919,998.0,-2.0,0.48,45.8%,,True,UP,True
2026-02-01 02:26:08.131228,BNB/USDT,UP,0.945,781.01,783.63,0.3354630542502662,2.6200000000000045,3422,995.0,-5.0,0.45,56.7%,,True,UP,True
2026-02-01 02:26:08.237471,XRP/USDT,UP,0.8433,1.65,1.667,1.030303030303038,0.0170000000000001,4802879,999.0,-1.0,0.49,54.9%,,True,UP,True
2026-02-01 02:26:08.342970,SOL/USDT,UP,0.8489,104.66,104.97,0.2961972100133788,0.3100000000000023,64267,1006.0,6.0,0.56,62.7%,,True,UP,True
2026-02-01 02:26:08.448619,ADA/USDT,UP,0.9761,0.29,0.2959,2.034482758620696,0.0059,2845335,995.0,-5.0,0.45,55.3%,,True,UP,True
2026-02-01 02:26:08.554807,DOGE/USDT,UP,0.9183,0.1,0.10495,4.949999999999996,0.0049499999999999,13679019,995.0,-5.0,0.45,49.5%,,True,UP,True
2026-02-01 02:26:08.663869,MATIC/USDT,UNSURE,0.5,0.38,,,,810855,995.0,-5.0,0.45,22.5%,,,,
2026-02-01 02:26:08.785216,DOT/USDT,UP,0.8156,1.54,1.554,0.90909090909091,0.014,74452,989.0,-11.0,0.39,50.4%,,True,UP,True
2026-02-01 02:26:08.900228,AVAX/USDT,UP,0.9052,10.13,10.21,0.7897334649555782,0.08,54932,993.0,-7.0,0.43,47.7%,,True,UP,True
2026-02-01 02:26:09.028995,PEPE/USDT,UP,0.9429,0.0,,,,124366185704,992.0,-8.0,0.42,44.2%,,,,
2026-02-01 02:26:09.141376,SUI/USDT,UP,0.8188,1.15,1.1539,0.33913043478261,0.0039,938121,993.0,-7.0,0.43,57.8%,,True,UP,True
2026-02-01 02:26:09.258671,ENA/USDT,UP,0.8222,0.14,0.1392,-0.5714285714285877,-0.0008,2686713,996.0,-4.0,0.46,50.9%,,True,DOWN,False
2026-02-01 02:26:09.375599,LTC/USDT,UP,0.8483,59.15,59.67,0.8791208791208845,0.5200000000000031,10710,997.0,-3.0,0.47,52.3%,,True,UP,True
2026-02-01 02:26:09.495675,LINK/USDT,UP,0.9514,9.96,10.04,0.8032128514056053,0.0799999999999983,52617,994.0,-6.0,0.44,51.7%,,True,UP,True
2026-02-01 02:56:17.611837,BTC/USDT,UP,0.9856,78486.88,78868.28,0.4859410897719391,381.3999999999942,1106,997.0,-3.0,0.47,54.7%,,True,UP,True
2026-02-01 02:56:17.718508,ETH/USDT,UP,0.8914,2444.57,2445.46,0.0364072209018302,0.8899999999998727,24035,998.0,-2.0,0.48,45.8%,,True,FLAT,False
2026-02-01 02:56:17.825944,BNB/USDT,UP,0.8452,784.66,783.63,-0.1312670455993644,-1.0299999999999727,5851,995.0,-5.0,0.45,56.7%,,True,DOWN,False
2026-02-01 02:56:17.932636,XRP/USDT,UP,0.8357,1.66,1.667,0.4216867469879589,0.0070000000000001,9062067,999.0,-1.0,0.49,54.9%,,True,UP,True
2026-02-01 02:56:18.037539,SOL/USDT,UP,0.8331,105.08,104.97,-0.1046821469356675,-0.1099999999999994,129557,1006.0,6.0,0.56,62.7%,,True,DOWN,False
2026-02-01 02:56:18.145591,ADA/USDT,UP,0.8999,0.3,0.2959,-1.3666666666666645,-0.0040999999999999,4790223,995.0,-5.0,0.45,55.3%,,True,DOWN,False
2026-02-01 02:56:18.252045,DOGE/USDT,UP,0.9912,0.1,0.10495,4.949999999999996,0.0049499999999999,27192812,995.0,-5.0,0.45,49.5%,,True,UP,True
2026-02-01 02:56:18.358607,MATIC/USDT,UNSURE,0.5,0.38,,,,810855,995.0,-5.0,0.45,22.5%,,,,
2026-02-01 02:56:18.465159,DOT/USDT,UP,0.8757,1.55,1.554,0.2580645161290325,0.004,137878,989.0,-11.0,0.39,50.4%,,True,UP,True
2026-02-01 02:56:18.570224,AVAX/USDT,UP,0.8211,10.17,10.21,0.3933136676499599,0.0400000000000009,88411,993.0,-7.0,0.43,47.7%,,True,UP,True
2026-02-01 02:56:18.676477,PEPE/USDT,UP,0.9153,0.0,,,,254691606174,992.0,-8.0,0.42,44.2%,,,,
2026-02-01 02:56:18.781561,SUI/USDT,UP,0.7653,1.16,1.1539,-0.5258620689655168,-0.0060999999999999,1588998,993.0,-7.0,0.43,57.8%,,True,DOWN,False
2026-02-01 02:56:18.888268,ENA/USDT,UP,0.665,0.14,0.1392,-0.5714285714285877,-0.0008,4384735,997.0,-3.0,0.47,52.3%,,True,DOWN,False
2026-02-01 02:56:18.994939,LTC/USDT,UP,0.8061,59.43,59.67,0.4038364462392764,0.240000000000002,21744,997.0,-3.0,0.47,52.3%,,True,UP,True
2026-02-01 02:56:19.100904,LINK/USDT,UP,0.8454,10.01,10.04,0.2997002997002933,0.02999999999999936,114924,994.0,-6.0,0.44,51.7%,,True,UP,True
2026-02-01 03:26:27.194469,BTC/USDT,UP,0.9795,78587.1,78971.75,0.489456921046831,384.6499999999942,376,996.0,-4.0,0.46,55.0%,,True,UP,True
2026-02-01 03:26:27.302206,ETH/USDT,UP,0.8916,2446.94,2448.23,0.052718906062264,1.2899999999999636,7314,999.0,-1.0,0.49,47.4%,,True,UP,True
2026-02-01 03:26:27.408902,BNB/USDT,UP,0.9433,785.76,781.93,-0.4874261861128132,-3.830000000000041,4060,997.0,-3.0,0.47,57.6%,,True,DOWN,False
2026-02-01 03:26:27.515846,XRP/USDT,UP,0.9048,1.66,1.6658,0.3493975903614474,0.0058,4335291,1001.0,1.0,0.51,56.6%,,True,UP,True
2026-02-01 03:26:27.621459,SOL/USDT,UP,0.8929,105.04,105.2,0.152322924600149,0.1599999999999966,41198,1007.0,7.0,0.57,63.9%,,True,UP,True
2026-02-01 03:26:27.726072,ADA/USDT,UP,0.909,0.29,0.297,2.4137931034482785,0.007,3122140,995.0,-5.0,0.45,55.3%,,True,UP,True
2026-02-01 03:26:27.831774,DOGE/USDT,UP,0.9802,0.1,0.10512,5.119999999999999,0.0051199999999999,12015454,994.0,-6.0,0.44,49.1%,,True,UP,True
2026-02-01 03:26:27.936790,MATIC/USDT,UNSURE,0.5,0.38,,,,810855,995.0,-5.0,0.45,22.5%,,,,
2026-02-01 03:26:28.042959,DOT/USDT,UP,0.78,1.55,1.553,0.1935483870967672,0.0029999999999998,73568,990.0,-10.0,0.4,51.6%,,True,UP,True
2026-02-01 03:26:28.150250,AVAX/USDT,UP,0.9436,10.16,10.21,0.4921259842519755,0.0500000000000007,74025,993.0,-7.0,0.43,47.7%,,True,UP,True
2026-02-01 03:26:28.256485,PEPE/USDT,UP,0.9732,0.0,,,,101960823100,993.0,-7.0,0.43,45.7%,,,,
2026-02-01 03:26:28.362320,SUI/USDT,UP,0.9604,1.15,1.1429,-0.6173913043478161,-0.0070999999999998,1520583,992.0,-8.0,0.42,56.7%,,True,DOWN,False
2026-02-01 03:26:28.468537,ENA/USDT,UP,0.7947,0.14,0.1394,-0.4285714285714408,-0.0006,2747845,996.0,-4.0,0.46,51.8%,,True,DOWN,False
2026-02-01 03:26:28.575801,LTC/USDT,UP,0.9756,59.46,59.57,0.1849983181971063,0.1099999999999994,8007,1003.0,3.0,0.53,54.4%,,True,UP,True
2026-02-01 03:26:28.682383,LINK/USDT,UP,0.8549,10.01,10.02,0.09990009990009778,0.009999999999999787,82527,993.0,-7.0,0.43,51.3%,,True,UP,True
2026-02-01 03:56:37.272455,BTC/USDT,UP,0.9836,78959.72,78971.75,0.0152356163370372,12.029999999998836,718,996.0,-4.0,0.46,55.0%,,True,FLAT,False
2026-02-01 03:56:37.379742,ETH/USDT,UP,0.8735,2457.26,2448.23,-0.3674824804864035,-9.0300000000002,17691,999.0,-1.0,0.49,47.4%,,True,DOWN,False
2026-02-01 03:56:37.487049,BNB/USDT,UP,0.9462,787.18,781.93,-0.6669376762621002,-5.25,8106,997.0,-3.0,0.47,57.6%,,True,DOWN,False
2026-02-01 03:56:37.593198,XRP/USDT,UP,0.8063,1.67,1.6658,-0.2514970059880228,-0.0041999999999999,6542520,1001.0,1.0,0.51,56.6%,,True,DOWN,False
2026-02-01 03:56:37.699386,SOL/USDT,UP,0.8288,105.76,105.2,-0.5295007564296542,-0.5600000000000023,79163,1007.0,7.0,0.57,63.9%,,True,DOWN,False
2026-02-01 03:56:37.806144,ADA/USDT,UP,0.9634,0.3,0.297,-1.0000000000000009,-0.003,6352634,996.0,-4.0,0.46,56.5%,,True,DOWN,False
2026-02-01 03:56:37.912475,DOGE/USDT,UP,0.9856,0.11,0.10512,-4.436363636363632,-0.0048799999999999,22599301,995.0,-5.0,0.45,50.5%,,True,DOWN,False
2026-02-01 03:56:38.018291,MATIC/USDT,UNSURE,0.5,0.38,,,,810855,995.0,-5.0,0.45,22.5%,,,,
2026-02-01 03:56:38.126160,DOT/USDT,UP,0.9179,1.56,1.553,-0.4487179487179562,-0.0070000000000001,134964,991.0,-9.0,0.41,52.8%,,True,DOWN,False
2026-02-01 03:56:38.233466,AVAX/USDT,UP,0.8868,10.22,10.21,-0.0978473581213286,-0.0099999999999997,101554,994.0,-6.0,0.44,49.1%,,True,DOWN,False
2026-02-01 03:56:38.341397,PEPE/USDT,UP,0.9691,0.0,,,,219190059514,993.0,-7.0,0.43,45.7%,,,,
2026-02-01 03:56:38.448116,SUI/USDT,UP,0.9557,1.15,1.1429,-0.6173913043478161,-0.0070999999999998,2633201,992.0,-8.0,0.42,56.7%,,True,DOWN,False
2026-02-01 03:56:38.554750,ENA/USDT,UP,0.756,0.14,0.1394,-0.4285714285714408,-0.0006,4384661,996.0,-4.0,0.46,51.8%,,True,DOWN,False
2026-02-01 03:56:38.661316,LTC/USDT,UP,0.8632,59.84,59.57,-0.4512032085561549,-0.2700000000000031,19720,1004.0,4.0,0.54,55.8%,,True,DOWN,False
2026-02-01 03:56:38.767635,LINK/USDT,UP,0.8329,10.07,10.02,-0.4965243296921619,-0.05000000000000071,131421,994.0,-6.0,0.44,52.5%,,True,DOWN,False
2026-02-01 04:26:49.350384,BTC/USDT,UP,0.906,78733.8,78620.91,-0.1433818766527201,-112.88999999999942,287,996.0,-4.0,0.46,55.0%,,True,DOWN,False
2026-02-01 04:26:49.477068,ETH/USDT,UP,0.9194,2440.7,2430.51,-0.4175031753185397,-10.1899999999996,8253,999.0,-1.0,0.49,47.4%,,True,DOWN,False
2026-02-01 04:26:49.589662,BNB/USDT,UP,0.8928,781.57,780.6,-0.1241091648860661,-0.9700000000000272,4290,994.0,-6.0,0.44,56.2%,,True,DOWN,False
2026-02-01 04:26:49.700509,XRP/USDT,UP,0.8058,1.66,1.6588,-0.072289156626498,-0.0011999999999998,2025939,999.0,-1.0,0.49,55.7%,,True,DOWN,False
2026-02-01 04:26:49.807222,SOL/USDT,UP,0.9286,104.93,104.69,-0.2287239111788898,-0.2400000000000091,30080,1006.0,6.0,0.56,63.3%,,True,DOWN,False
2026-02-01 04:26:49.915183,ADA/USDT,UP,0.8864,0.3,0.2949,-1.699999999999998,-0.0050999999999999,1495963,994.0,-6.0,0.44,54.8%,,True,DOWN,False
2026-02-01 04:26:50.054406,DOGE/USDT,UP,0.907,0.1,0.10474,4.739999999999994,0.0047399999999999,7396213,996.0,-4.0,0.46,51.8%,,True,UP,True
2026-02-01 04:26:50.166334,MATIC/USDT,UNSURE,0.5,0.38,,,,810855,995.0,-5.0,0.45,22.5%,,,,
2026-02-01 04:26:50.308998,DOT/USDT,UP,0.6924,1.55,1.55,0.0,0.0,86806,989.0,-11.0,0.39,51.2%,,True,FLAT,False
2026-02-01 04:26:50.424141,AVAX/USDT,UNSURE,0.5,10.2,10.16,-0.3921568627450897,-0.0399999999999991,34182,994.0,-6.0,0.44,49.1%,,True,DOWN,False
2026-02-01 04:26:50.541045,PEPE/USDT,UP,0.9815,0.0,,,,133009555283,993.0,-7.0,0.43,46.7%,,,,
2026-02-01 04:26:50.648392,SUI/USDT,UP,0.9631,1.15,1.1388,-0.9739130434782504,-0.0111999999999998,1232175,993.0,-7.0,0.43,57.8%,,True,DOWN,False
2026-02-01 04:26:50.753662,ENA/USDT,UP,0.8991,0.14,0.1391,-0.6428571428571512,-0.0009,1984763,995.0,-5.0,0.45,51.3%,,True,DOWN,False
2026-02-01 04:26:50.857768,LTC/USDT,UP,0.8083,59.64,59.22,-0.7042253521126789,-0.4200000000000017,4956,999.0,-1.0,0.49,54.9%,,True,DOWN,False
2026-02-01 04:26:50.964321,LINK/USDT,UP,0.75,10.02,9.98,-0.3992015968063787,-0.03999999999999915,44096,993.0,-7.0,0.43,52.1%,,True,DOWN,False
2026-02-01 04:57:00.169468,BTC/USDT,UP,0.912,78848.74,78620.91,-0.2889456445340809,-227.8300000000017,581,996.0,-4.0,0.46,55.0%,,True,DOWN,False
2026-02-01 04:57:00.276728,ETH/USDT,UP,0.9539,2442.39,2430.51,-0.4864088044906692,-11.879999999999654,16502,999.0,-1.0,0.49,47.4%,,True,DOWN,False
2026-02-01 04:57:00.382631,BNB/USDT,UP,0.8005,782.85,780.6,-0.287411381490707,-2.25,10075,994.0,-6.0,0.44,56.2%,,True,DOWN,False
2026-02-01 04:57:00.494096,XRP/USDT,UP,0.9019,1.67,1.6588,-0.6706586826347232,-0.0111999999999998,3534997,999.0,-1.0,0.49,55.7%,,True,DOWN,False
2026-02-01 04:57:00.600396,SOL/USDT,UP,0.9148,104.84,104.69,-0.1430751621518558,-0.1500000000000056,72978,1006.0,6.0,0.56,63.3%,,True,DOWN,False
2026-02-01 04:57:00.711999,ADA/USDT,UP,0.903,0.3,0.2949,-1.699999999999998,-0.0050999999999999,2696928,994.0,-6.0,0.44,54.8%,,True,DOWN,False
2026-02-01 04:57:00.819249,DOGE/USDT,UP,0.9888,0.1,0.10474,4.739999999999994,0.0047399999999999,19342389,996.0,-4.0,0.46,51.8%,,True,UP,True
2026-02-01 04:57:00.925360,MATIC/USDT,UNSURE,0.5,0.38,,,,810855,995.0,-5.0,0.45,22.5%,,,,
2026-02-01 04:57:01.030817,DOT/USDT,UP,0.8604,1.55,1.55,0.0,0.0,134396,989.0,-11.0,0.39,51.2%,,True,FLAT,False
2026-02-01 04:57:01.136741,AVAX/USDT,UP,0.7972,10.2,10.16,-0.3921568627450897,-0.0399999999999991,54871,994.0,-6.0,0.44,49.1%,,True,DOWN,False
2026-02-01 04:57:01.248540,PEPE/USDT,UP,0.9188,0.0,,,,195263352568,994.0,-6.0,0.44,48.1%,,,,
2026-02-01 04:57:01.355030,SUI/USDT,UP,0.9763,1.15,1.1388,-0.9739130434782504,-0.0111999999999998,1875140,993.0,-7.0,0.43,57.8%,,True,DOWN,False
2026-02-01 04:57:01.462154,ENA/USDT,UP,0.929,0.14,0.1391,-0.6428571428571512,-0.0009,4145154,995.0,-5.0,0.45,51.3%,,True,DOWN,False
2026-02-01 04:57:01.569661,LTC/USDT,UP,0.7518,59.64,59.22,-0.7042253521126789,-0.4200000000000017,12032,999.0,-1.0,0.49,54.9%,,True,DOWN,False
2026-02-01 04:57:01.680939,LINK/USDT,UP,0.6694,10.04,9.98,-0.5976095617529754,-0.05999999999999872,87882,993.0,-7.0,0.43,52.1%,,True,DOWN,False
2026-02-01 05:27:10.210921,BTC/USDT,UP,0.9542,78947.09,78300.0,-0.819650223966452,-647.0899999999965,260,996.0,-4.0,0.46,55.7%,,True,DOWN,False
2026-02-01 05:27:10.319246,ETH/USDT,UP,0.8064,2448.49,2418.65,-1.2187103071688956,-29.83999999999969,7891,1000.0,0.0,0.5,49.0%,,True,DOWN,False
2026-02-01 05:27:10.427235,BNB/USDT,UP,0.9157,783.5,777.39,-0.7798340778557771,-6.110000000000014,2555,994.0,-6.0,0.44,56.2%,,True,DOWN,False
2026-02-01 05:27:10.540174,XRP/USDT,UP,0.8455,1.66,1.657,-0.1807228915662585,-0.0029999999999998,1695223,998.0,-2.0,0.48,55.2%,,True,DOWN,False
2026-02-01 05:27:10.645414,SOL/USDT,UP,0.8041,105.09,105.07,-0.0190313064992009,-0.0200000000000102,32977,1004.0,4.0,0.54,63.5%,,True,FLAT,False
2026-02-01 05:27:10.750764,ADA/USDT,UP,0.9698,0.3,0.2945,-1.833333333333335,-0.0055,3270515,993.0,-7.0,0.43,55.1%,,True,DOWN,False
2026-02-01 05:27:10.856289,DOGE/USDT,UP,0.9517,0.11,0.10499,-4.554545454545455,-0.00501,11862532,995.0,-5.0,0.45,51.3%,,True,DOWN,False
2026-02-01 05:27:10.962851,MATIC/USDT,UNSURE,0.5,0.38,,,,810855,995.0,-5.0,0.45,22.5%,,,,
2026-02-01 05:27:11.069933,DOT/USDT,UP,0.8337,1.55,1.543,-0.451612903225814,-0.0070000000000001,111271,990.0,-10.0,0.4,52.4%,,True,DOWN,False
2026-02-01 05:27:11.175476,AVAX/USDT,UNSURE,0.5,10.21,10.17,-0.3917727717923694,-0.0400000000000009,33804,994.0,-6.0,0.44,50.0%,,True,DOWN,False
2026-02-01 05:27:11.283078,PEPE/USDT,UP,0.8696,0.0,,,,146755773457,993.0,-7.0,0.43,48.6%,,,,
2026-02-01 05:27:11.390135,SUI/USDT,UP,0.8746,1.14,1.1389,-0.0964912280701648,-0.0010999999999998,822043,992.0,-8.0,0.42,57.4%,,True,DOWN,False
2026-02-01 05:27:11.495621,ENA/USDT,UP,0.7124,0.14,0.1393,-0.5000000000000043,-0.0007,915394,994.0,-6.0,0.44,51.7%,,True,DOWN,False
2026-02-01 05:27:11.601974,LTC/USDT,UP,0.9451,59.72,59.24,-0.8037508372404502,-0.4799999999999969,5360,1003.0,3.0,0.53,57.7%,,True,DOWN,False
2026-02-01 05:27:11.708055,LINK/USDT,UP,0.6713,10.05,9.93,-1.1940298507462785,-0.120000000000001,60947,994.0,-6.0,0.44,53.3%,,True,DOWN,False
2026-02-01 05:57:19.799769,BTC/USDT,UP,0.9471,79041.51,78300.0,-0.9381273206951573,-741.5099999999948,432,996.0,-4.0,0.46,55.7%,,True,DOWN,False
2026-02-01 05:57:19.908413,ETH/USDT,UP,0.8822,2451.42,2418.65,-1.3367762358143436,-32.76999999999998,14050,1000.0,0.0,0.5,49.0%,,True,DOWN,False
2026-02-01 05:57:20.017115,BNB/USDT,UP,0.9253,782.64,777.39,-0.6708065010732904,-5.25,6563,994.0,-6.0,0.44,56.2%,,True,DOWN,False
2026-02-01 05:57:20.128681,XRP/USDT,UP,0.8878,1.67,1.657,-0.7784431137724492,-0.0129999999999999,3022668,999.0,-1.0,0.49,56.4%,,True,DOWN,False
2026-02-01 05:57:20.234306,SOL/USDT,UP,0.9019,105.32,105.07,-0.2373718192176225,-0.25,69805,1004.0,4.0,0.54,63.5%,,True,DOWN,False
2026-02-01 05:57:20.340754,ADA/USDT,UP,0.9623,0.3,0.2945,-1.833333333333335,-0.0055,5244352,993.0,-7.0,0.43,55.1%,,True,DOWN,False
2026-02-01 05:57:20.448633,DOGE/USDT,UP,0.9794,0.11,0.10499,-4.554545454545455,-0.00501,23928257,995.0,-5.0,0.45,51.3%,,True,DOWN,False
2026-02-01 05:57:20.554925,MATIC/USDT,UNSURE,0.5,0.38,,,,810855,995.0,-5.0,0.45,22.5%,,,,
2026-02-01 05:57:20.659977,DOT/USDT,UP,0.8844,1.55,1.543,-0.451612903225814,-0.0070000000000001,178994,989.0,-11.0,0.39,51.2%,,True,DOWN,False
2026-02-01 05:57:20.767152,AVAX/USDT,UP,0.8324,10.21,10.17,-0.3917727717923694,-0.0400000000000009,52486,994.0,-6.0,0.44,50.0%,,True,DOWN,False
2026-02-01 05:57:20.874254,PEPE/USDT,UP,0.7876,0.0,,,,192108765143,993.0,-7.0,0.43,48.6%,,,,
2026-02-01 05:57:20.979715,SUI/USDT,UP,0.8888,1.14,1.1389,-0.0964912280701648,-0.0010999999999998,2296720,992.0,-8.0,0.42,57.4%,,True,DOWN,False
2026-02-01 05:57:21.085423,ENA/USDT,UP,0.7161,0.14,0.1393,-0.5000000000000043,-0.0007,1707556,994.0,-6.0,0.44,51.7%,,True,DOWN,False
2026-02-01 05:57:21.191875,LTC/USDT,UP,0.9107,59.67,59.24,-0.7206301323948378,-0.4299999999999997,12361,1002.0,2.0,0.52,56.4%,,True,DOWN,False
2026-02-01 05:57:21.299575,LINK/USDT,UP,0.686,10.04,9.93,-1.0956175298804727,-0.10999999999999943,104331,993.0,-7.0,0.43,52.1%,,True,DOWN,False
2026-02-01 06:11:26.767814,BTC/USDT,UP,0.8795,78867.03,78343.0,-0.6644474883864637,-524.0299999999988,111,950.0,-50.0,0.0,0.0%,,True,DOWN,False
2026-02-01 06:11:27.039689,ETH/USDT,UP,0.9186,2441.65,2411.22,-1.246288370569094,-30.43000000000029,6627,950.0,-50.0,0.0,0.0%,,True,DOWN,False
2026-02-01 06:11:27.297862,BNB/USDT,UP,0.8796,781.44,778.01,-0.4389332514332595,-3.430000000000064,1389,950.0,-50.0,0.0,0.0%,,True,DOWN,False
2026-02-01 06:11:27.532182,XRP/USDT,UP,0.7801,1.66,1.6591,-0.0542168674698735,-0.0008999999999999,1111483,950.0,-50.0,0.0,0.0%,,True,DOWN,False
2026-02-01 06:11:27.777246,SOL/USDT,UP,0.9036,105.15,105.2,0.0475511174512574,0.0499999999999971,15024,950.0,-50.0,0.0,0.0%,,True,FLAT,False
2026-02-01 06:11:28.023478,ADA/USDT,UP,0.8846,0.3,0.2963,-1.2333333333333272,-0.0036999999999999,552177,950.0,-50.0,0.0,0.0%,,True,DOWN,False
2026-02-01 06:11:28.310141,DOGE/USDT,UP,0.9777,0.1,0.1058,5.8,0.0058,4279545,950.0,-50.0,0.0,0.0%,,True,UP,True
2026-02-01 06:11:28.566849,MATIC/USDT,UNSURE,0.5,0.38,,,,810855,950.0,-50.0,0.0,0.0%,,,,
2026-02-01 06:11:28.833272,DOT/USDT,UP,0.8756,1.56,1.547,-0.8333333333333411,-0.0130000000000001,50224,950.0,-50.0,0.0,0.0%,,True,DOWN,False
2026-02-01 06:11:29.089037,AVAX/USDT,DOWN,0.7423,10.21,10.19,-0.1958863858961934,-0.0200000000000013,26604,950.0,-50.0,0.0,0.0%,,True,DOWN,True
2026-02-01 06:11:29.347047,PEPE/USDT,UP,0.8299,0.0,,,,58931039466,950.0,-50.0,0.0,0.0%,,,,
2026-02-01 06:11:29.604313,SUI/USDT,UP,0.8947,1.14,1.1486,0.754385964912295,0.0086000000000001,398965,950.0,-50.0,0.0,0.0%,,True,UP,True
2026-02-01 06:11:29.929946,ENA/USDT,UP,0.7813,0.14,0.1405,0.3571428571428574,0.0005,717838,950.0,-50.0,0.0,0.0%,,True,UP,True
2026-02-01 06:11:30.245533,LTC/USDT,UP,0.9578,59.57,59.38,-0.3189524928655325,-0.1899999999999977,2798,950.0,-50.0,0.0,0.0%,,True,DOWN,False
2026-02-01 06:11:30.504188,LINK/USDT,UP,0.7637,10.02,9.94,-0.7984031936127752,-0.08000000000000007,36697,950.0,-50.0,0.0,0.0%,,True,DOWN,False
2026-02-01 06:16:27.911761,BTC/USDT,DOWN,0.65,78844.33,78343.0,-0.6358478789787443,-501.33000000000175,354,995.0,-5.0,0.45,55.3%,,True,DOWN,True
2026-02-01 06:16:28.023052,ETH/USDT,UP,0.9465,2443.13,2411.22,-1.306111422642279,-31.91000000000031,9556,999.0,-1.0,0.49,48.5%,,True,DOWN,False
2026-02-01 06:16:28.127182,BNB/USDT,DOWN,0.65,781.78,778.01,-0.4822328532323648,-3.769999999999982,1932,992.0,-8.0,0.42,55.4%,,True,DOWN,True
2026-02-01 06:16:28.234895,XRP/USDT,DOWN,0.65,1.67,1.6591,-0.6526946107784377,-0.0108999999999999,1724457,997.0,-3.0,0.47,54.7%,,True,DOWN,True
2026-02-01 06:16:28.340870,SOL/USDT,UP,0.9285,105.32,105.2,-0.1139384732244496,-0.1199999999999903,29301,1007.0,7.0,0.57,65.0%,,True,DOWN,False
2026-02-01 06:16:28.452779,ADA/USDT,DOWN,0.65,0.3,0.2963,-1.2333333333333272,-0.0036999999999999,1325022,993.0,-7.0,0.43,55.1%,,True,DOWN,True
2026-02-01 06:16:28.561684,DOGE/USDT,DOWN,0.65,0.11,0.1058,-3.8181818181818143,-0.0041999999999999,7727193,995.0,-5.0,0.45,52.2%,,True,DOWN,True
2026-02-01 06:16:28.667297,MATIC/USDT,UP,0.65,0.38,,,,810855,995.0,-5.0,0.45,22.5%,,,,
2026-02-01 06:16:28.772638,DOT/USDT,UP,0.916,1.55,1.547,-0.1935483870967815,-0.0030000000000001,137258,988.0,-12.0,0.38,50.0%,,True,DOWN,False
2026-02-01 06:16:28.880408,AVAX/USDT,DOWN,0.6228,10.21,10.19,-0.1958863858961934,-0.0200000000000013,38246,993.0,-7.0,0.43,49.6%,,True,DOWN,True
2026-02-01 06:16:28.984665,PEPE/USDT,DOWN,0.65,0.0,,,,79847343757,993.0,-7.0,0.43,48.6%,,,,
2026-02-01 06:16:29.088903,SUI/USDT,DOWN,0.65,1.14,1.1486,0.754385964912295,0.0086000000000001,635718,992.0,-8.0,0.42,57.4%,,True,UP,False
2026-02-01 06:16:29.193579,ENA/USDT,DOWN,0.65,0.14,0.1405,0.3571428571428574,0.0005,1641231,993.0,-7.0,0.43,51.3%,,True,UP,False
2026-02-01 06:16:29.297367,LTC/USDT,UP,0.65,59.59,59.38,-0.3524081221681504,-0.2100000000000008,5139,1002.0,2.0,0.52,57.1%,,True,DOWN,False
2026-02-01 06:16:29.401646,LINK/USDT,UP,0.7537,10.02,9.94,-0.7984031936127752,-0.08000000000000007,50925,992.0,-8.0,0.42,51.7%,,True,DOWN,False
2026-02-01 06:41:52.028413,BTC/USDT,DOWN,0.65,78712.68,78343.0,-0.469657493557573,-369.679999999993,535,950.0,-50.0,0.0,0.0%,,True,DOWN,True
2026-02-01 06:41:52.416206,ETH/USDT,UP,0.9583,2436.24,2411.22,-1.0269924145404388,-25.019999999999985,18236,950.0,-50.0,0.0,0.0%,,True,DOWN,False
2026-02-01 06:41:52.670443,BNB/USDT,DOWN,0.65,780.61,778.01,-0.333072853281411,-2.6000000000000227,5017,950.0,-50.0,0.0,0.0%,,True,DOWN,True
2026-02-01 06:41:52.897652,XRP/USDT,DOWN,0.65,1.66,1.6591,-0.0542168674698735,-0.0008999999999999,2980609,950.0,-50.0,0.0,0.0%,,True,DOWN,True
2026-02-01 06:41:53.151813,SOL/USDT,DOWN,0.65,105.06,105.2,0.133257186369694,0.1400000000000005,83992,950.0,-50.0,0.0,0.0%,,True,UP,False
2026-02-01 06:41:53.402217,ADA/USDT,UP,0.8809,0.3,0.2963,-1.2333333333333272,-0.0036999999999999,2392389,950.0,-50.0,0.0,0.0%,,True,DOWN,False
2026-02-01 06:41:53.663365,DOGE/USDT,UP,0.9708,0.1,0.1058,5.8,0.0058,13912631,950.0,-50.0,0.0,0.0%,,True,UP,True
2026-02-01 06:41:53.915806,MATIC/USDT,UP,0.65,0.38,,,,810855,950.0,-50.0,0.0,0.0%,,,,
2026-02-01 06:41:54.221761,DOT/USDT,UP,0.924,1.55,1.547,-0.1935483870967815,-0.0030000000000001,189166,950.0,-50.0,0.0,0.0%,,True,DOWN,False
2026-02-01 06:41:54.452103,AVAX/USDT,DOWN,0.7398,10.18,10.19,0.0982318271119822,0.0099999999999997,55015,950.0,-50.0,0.0,0.0%,,True,UP,False
2026-02-01 06:41:54.807333,PEPE/USDT,DOWN,0.65,0.0,,,,148935309604,950.0,-50.0,0.0,0.0%,,,,
2026-02-01 06:41:55.102561,SUI/USDT,UP,0.9886,1.14,1.1486,0.754385964912295,0.0086000000000001,1019492,950.0,-50.0,0.0,0.0%,,True,UP,True
2026-02-01 06:41:55.323412,ENA/USDT,DOWN,0.75,0.14,0.1405,0.3571428571428574,0.0005,3536392,950.0,-50.0,0.0,0.0%,,True,UP,False
2026-02-01 06:41:55.661537,LTC/USDT,DOWN,0.65,59.42,59.38,-0.0673174015482988,-0.0399999999999991,8636,950.0,-50.0,0.0,0.0%,,True,DOWN,True
2026-02-01 06:41:56.102123,LINK/USDT,DOWN,0.65,9.99,9.94,-0.5005005005005077,-0.05000000000000071,91851,950.0,-50.0,0.0,0.0%,,True,DOWN,True
2026-02-01 06:51:47.879366,BTC/USDT,DOWN,0.65,78577.92,78343.0,-0.2989643910146747,-234.91999999999825,686,950.0,-50.0,0.0,0.0%,,True,DOWN,True
2026-02-01 06:51:48.160639,ETH/USDT,UP,0.9699,2428.05,2411.22,-0.6931488231296876,-16.830000000000382,24507,950.0,-50.0,0.0,0.0%,,True,DOWN,False
2026-02-01 06:51:48.452075,BNB/USDT,DOWN,0.65,779.14,778.01,-0.145031701619734,-1.1299999999999957,5966,950.0,-50.0,0.0,0.0%,,True,DOWN,True
2026-02-01 06:51:48.703781,XRP/USDT,DOWN,0.65,1.66,1.6591,-0.0542168674698735,-0.0008999999999999,3604206,950.0,-50.0,0.0,0.0%,,True,DOWN,True
2026-02-01 06:51:48.965202,SOL/USDT,DOWN,0.65,104.65,105.2,0.5255613951266098,0.5499999999999972,100426,950.0,-50.0,0.0,0.0%,,True,UP,False
2026-02-01 06:51:49.230271,ADA/USDT,UP,0.8853,0.3,0.2963,-1.2333333333333272,-0.0036999999999999,3009226,950.0,-50.0,0.0,0.0%,,True,DOWN,False
2026-02-01 06:51:49.525277,DOGE/USDT,UP,0.9775,0.1,0.1058,5.8,0.0058,17382815,950.0,-50.0,0.0,0.0%,,True,UP,True
2026-02-01 06:51:49.828657,MATIC/USDT,UP,0.65,0.38,,,,810855,950.0,-50.0,0.0,0.0%,,,,
2026-02-01 06:51:50.112992,DOT/USDT,UP,0.9536,1.55,1.547,-0.1935483870967815,-0.0030000000000001,220992,950.0,-50.0,0.0,0.0%,,True,DOWN,False
2026-02-01 06:51:50.378753,AVAX/USDT,DOWN,0.6491,10.17,10.19,0.1966568338249712,0.0199999999999995,73697,950.0,-50.0,0.0,0.0%,,True,UP,False
2026-02-01 06:51:50.656168,PEPE/USDT,DOWN,0.65,0.0,,,,229949478519,950.0,-50.0,0.0,0.0%,,,,
2026-02-01 06:51:50.926184,SUI/USDT,UP,0.9874,1.14,1.1486,0.754385964912295,0.0086000000000001,1315542,950.0,-50.0,0.0,0.0%,,True,UP,True
2026-02-01 06:51:51.210712,ENA/USDT,DOWN,0.75,0.14,0.1405,0.3571428571428574,0.0005,4123676,950.0,-50.0,0.0,0.0%,,True,UP,False
2026-02-01 06:51:51.486700,LTC/USDT,DOWN,0.65,59.16,59.38,0.3718728870858789,0.2200000000000059,11877,950.0,-50.0,0.0,0.0%,,True,UP,False
2026-02-01 06:51:51.775068,LINK/USDT,DOWN,0.65,9.98,9.94,-0.40080160320642205,-0.040000000000000924,127667,950.0,-50.0,0.0,0.0%,,True,DOWN,True
2026-02-01 06:56:23.791280,BTC/USDT,DOWN,0.65,78591.63,78343.0,-0.3163568435977275,-248.63000000000463,722,950.0,-50.0,0.0,0.0%,3.0,True,DOWN,True
2026-02-01 06:56:24.140960,ETH/USDT,UP,0.9762,2430.53,2411.22,-0.7944769247859685,-19.3100000000004,26433,950.0,-50.0,0.0,0.0%,3.0,True,DOWN,False
2026-02-01 06:56:24.469256,BNB/USDT,DOWN,0.65,780.46,778.01,-0.3139174333085674,-2.450000000000045,6971,950.0,-50.0,0.0,0.0%,3.0,True,DOWN,True
2026-02-01 06:56:24.773849,XRP/USDT,DOWN,0.65,1.66,1.6591,-0.0542168674698735,-0.0008999999999999,4205119,950.0,-50.0,0.0,0.0%,3.0,True,DOWN,True
2026-02-01 06:56:25.171467,SOL/USDT,DOWN,0.65,104.64,105.2,0.5351681957186566,0.5600000000000023,105284,950.0,-50.0,0.0,0.0%,3.0,True,UP,False
2026-02-01 06:56:25.474030,ADA/USDT,UP,0.8853,0.3,0.2963,-1.2333333333333272,-0.0036999999999999,3132074,950.0,-50.0,0.0,0.0%,3.0,True,DOWN,False
2026-02-01 06:56:25.746082,DOGE/USDT,UP,0.9777,0.1,0.1058,5.8,0.0058,18368986,950.0,-50.0,0.0,0.0%,3.0,True,UP,True
2026-02-01 06:56:25.928418,MATIC/USDT,UP,0.65,0.38,,,,810855,950.0,-50.0,0.0,0.0%,3.0,False,,
2026-02-01 06:56:26.071267,DOT/USDT,UP,0.9555,1.55,1.547,-0.1935483870967815,-0.0030000000000001,227969,950.0,-50.0,0.0,0.0%,3.0,True,DOWN,False
2026-02-01 06:56:26.187281,AVAX/USDT,DOWN,0.6595,10.16,10.19,0.2952755905511748,0.0299999999999993,76979,950.0,-50.0,0.0,0.0%,3.0,True,UP,False
2026-02-01 06:56:26.303686,PEPE/USDT,DOWN,0.65,0.0,,,,246622531025,950.0,-50.0,0.0,0.0%,3.0,False,,
2026-02-01 06:56:26.418206,SUI/USDT,UP,0.9881,1.14,1.1486,0.754385964912295,0.0086000000000001,1382740,950.0,-50.0,0.0,0.0%,3.0,True,UP,True
2026-02-01 06:56:26.523776,ENA/USDT,DOWN,0.75,0.14,0.1405,0.3571428571428574,0.0005,4209142,950.0,-50.0,0.0,0.0%,3.0,True,UP,False
2026-02-01 06:56:26.689437,LTC/USDT,DOWN,0.65,59.19,59.38,0.3210001689474655,0.1900000000000048,12711,950.0,-50.0,0.0,0.0%,3.0,True,UP,False
2026-02-01 06:56:26.823197,LINK/USDT,DOWN,0.65,9.97,9.94,-0.3009027081243845,-0.030000000000001137,133190,950.0,-50.0,0.0,0.0%,3.0,True,DOWN,True
2026-02-01 06:59:20.354392,BTC/USDT,DOWN,0.65,78594.06,78343.0,-0.3194388990720134,-251.05999999999767,732,950.0,-50.0,0.0,0.0%,3.0,True,DOWN,True
2026-02-01 06:59:20.652683,ETH/USDT,UP,0.9762,2430.59,2411.22,-0.7969258492794072,-19.370000000000346,27150,950.0,-50.0,0.0,0.0%,3.0,True,DOWN,False
2026-02-01 06:59:20.931197,BNB/USDT,DOWN,0.65,780.3,778.01,-0.2934768678713269,-2.289999999999964,7099,950.0,-50.0,0.0,0.0%,3.0,True,DOWN,True
2026-02-01 06:59:21.221115,XRP/USDT,DOWN,0.65,1.66,1.6591,-0.0542168674698735,-0.0008999999999999,4483521,950.0,-50.0,0.0,0.0%,3.0,True,DOWN,True
2026-02-01 06:59:21.517846,SOL/USDT,DOWN,0.65,104.68,105.2,0.496752006113867,0.519999999999996,107333,950.0,-50.0,0.0,0.0%,3.0,True,UP,False
2026-02-01 06:59:21.831041,ADA/USDT,UP,0.8999,0.29,0.2963,2.172413793103458,0.0063,3992176,950.0,-50.0,0.0,0.0%,3.0,True,UP,True
2026-02-01 06:59:22.135455,DOGE/USDT,UP,0.9754,0.1,0.1058,5.8,0.0058,18782847,950.0,-50.0,0.0,0.0%,3.0,True,UP,True
2026-02-01 06:59:22.454006,MATIC/USDT,UP,0.65,0.38,,,,810855,950.0,-50.0,0.0,0.0%,3.0,False,,
2026-02-01 06:59:22.775440,DOT/USDT,UP,0.9555,1.55,1.547,-0.1935483870967815,-0.0030000000000001,232281,950.0,-50.0,0.0,0.0%,3.0,True,DOWN,False
2026-02-01 06:59:23.108008,AVAX/USDT,DOWN,0.6072,10.17,10.19,0.1966568338249712,0.0199999999999995,77174,950.0,-50.0,0.0,0.0%,3.0,True,UP,False
2026-02-01 06:59:23.362756,PEPE/USDT,DOWN,0.65,0.0,,,,258240492090,950.0,-50.0,0.0,0.0%,3.0,False,,
2026-02-01 06:59:23.659469,SUI/USDT,UP,0.9874,1.14,1.1486,0.754385964912295,0.0086000000000001,1434924,950.0,-50.0,0.0,0.0%,3.0,True,UP,True
2026-02-01 06:59:23.967372,ENA/USDT,DOWN,0.75,0.14,0.1405,0.3571428571428574,0.0005,4260663,950.0,-50.0,0.0,0.0%,3.0,True,UP,False
2026-02-01 06:59:24.249290,LTC/USDT,DOWN,0.65,59.22,59.38,0.2701789935832551,0.1600000000000037,13190,950.0,-50.0,0.0,0.0%,3.0,True,UP,False
2026-02-01 06:59:24.514544,LINK/USDT,DOWN,0.65,9.98,9.94,-0.40080160320642205,-0.040000000000000924,133992,950.0,-50.0,0.0,0.0%,3.0,True,DOWN,True
2026-02-01 07:00:54.120277,BTC/USDT,UP,0.9047,78668.45,78604.02,-0.0819006857259714,-64.42999999999302,10,985.71,-14.29,0.3571,50.5%,3.0,True,DOWN,False
2026-02-01 07:00:54.246200,ETH/USDT,UP,0.65,2432.98,2412.95,-0.823270228279731,-20.0300000000002,398,991.03,-8.97,0.4103,46.5%,3.0,True,DOWN,False
2026-02-01 07:00:54.369345,BNB/USDT,UP,0.75,781.1,779.0,-0.268851619510949,-2.1000000000000227,30,997.3,-2.7,0.473,60.6%,3.0,True,DOWN,False
2026-02-01 07:00:54.490103,XRP/USDT,UP,0.65,1.66,1.6637,0.2228915662650624,0.0037,58648,992.86,-7.14,0.4286,55.1%,3.0,True,UP,True
2026-02-01 07:00:54.612984,SOL/USDT,UP,0.65,104.76,105.52,0.7254677357770054,0.7599999999999909,790,998.19,-1.81,0.4819,60.6%,3.0,True,UP,True
2026-02-01 07:00:54.738214,ADA/USDT,UP,0.65,0.3,0.2966,-1.1333333333333382,-0.0034,32342,982.0,-18.0,0.32,47.4%,3.0,True,DOWN,False
2026-02-01 07:00:54.864219,DOGE/USDT,UP,0.75,0.1,0.10597,5.969999999999989,0.0059699999999999,107950,987.93,-12.07,0.3793,49.1%,3.0,True,UP,True
2026-02-01 07:00:54.988224,MATIC/USDT,UP,0.65,0.38,,,,810855,1006.82,6.82,0.5682,61.2%,3.0,False,,
2026-02-01 07:00:55.110469,DOT/USDT,UP,0.65,1.55,1.546,-0.2580645161290325,-0.004,14376,986.47,-13.53,0.3647,46.0%,3.0,True,DOWN,False
2026-02-01 07:00:55.231305,AVAX/USDT,DOWN,0.8168,10.17,10.17,0.0,0.0,125,996.74,-3.26,0.4674,54.2%,3.0,True,FLAT,False
2026-02-01 07:00:55.354977,PEPE/USDT,UP,0.75,0.0,,,,6059080860,995.98,-4.02,0.4598,58.4%,3.0,False,,
2026-02-01 07:00:55.481022,SUI/USDT,UP,0.75,1.14,1.1522,1.0701754385964903,0.0121999999999999,306993,984.09,-15.91,0.3409,49.1%,3.0,True,UP,True
2026-02-01 07:00:55.609325,ENA/USDT,UP,0.75,0.14,0.1404,0.285714285714274,0.0003999999999999,4694,986.17,-13.83,0.3617,44.4%,3.0,True,UP,True
2026-02-01 07:00:55.738950,LTC/USDT,UP,0.9849,59.23,59.52,0.4896167482694686,0.2900000000000062,204,996.25,-3.75,0.4625,59.0%,3.0,True,UP,True
2026-02-01 07:00:55.867088,LINK/USDT,DOWN,0.65,9.98,9.96,-0.20040080160320214,-0.019999999999999574,944,988.46,-11.54,0.3846,52.9%,3.0,True,DOWN,True
2026-02-01 07:14:48.256832,BTC/USDT,UP,0.9047,78702.29,78604.02,-0.1248629487146937,-98.26999999998952,106,950.0,-50.0,0.0,0.0%,3.0,True,DOWN,False
2026-02-01 07:14:48.371621,ETH/USDT,UP,0.65,2437.51,2412.95,-1.0075856099052063,-24.5600000000004,4235,950.0,-50.0,0.0,0.0%,3.0,True,DOWN,False
2026-02-01 07:14:48.494040,BNB/USDT,UP,0.9829,782.24,779.0,-0.4141951319288209,-3.240000000000009,1060,950.0,-50.0,0.0,0.0%,3.0,True,DOWN,False
2026-02-01 07:14:48.609789,XRP/USDT,UP,0.9145,1.67,1.6637,-0.3772455089820342,-0.0062999999999999,2217530,950.0,-50.0,0.0,0.0%,3.0,True,DOWN,False
2026-02-01 07:14:48.728675,SOL/USDT,UP,0.65,105.13,105.52,0.3709692761343104,0.3900000000000005,11849,950.0,-50.0,0.0,0.0%,3.0,True,UP,True
2026-02-01 07:14:48.848789,ADA/USDT,UP,0.65,0.3,0.2966,-1.1333333333333382,-0.0034,487551,950.0,-50.0,0.0,0.0%,3.0,True,DOWN,False
2026-02-01 07:14:48.968658,DOGE/USDT,UP,0.9574,0.11,0.10597,-3.663636363636369,-0.00403,5133023,950.0,-50.0,0.0,0.0%,3.0,True,DOWN,False
2026-02-01 07:14:49.085562,MATIC/USDT,UP,0.65,0.38,,,,810855,950.0,-50.0,0.0,0.0%,3.0,False,,
2026-02-01 07:14:49.201850,DOT/USDT,UP,0.8729,1.56,1.546,-0.8974358974358982,-0.014,45729,950.0,-50.0,0.0,0.0%,3.0,True,DOWN,False
2026-02-01 07:14:49.314687,AVAX/USDT,UP,0.65,10.21,10.17,-0.3917727717923694,-0.0400000000000009,5287,950.0,-50.0,0.0,0.0%,3.0,True,DOWN,False
2026-02-01 07:14:49.430785,PEPE/USDT,UP,0.65,0.0,,,,24539579280,950.0,-50.0,0.0,0.0%,3.0,False,,
2026-02-01 07:14:49.545518,SUI/USDT,UP,0.65,1.14,1.1522,1.0701754385964903,0.0121999999999999,466544,950.0,-50.0,0.0,0.0%,3.0,True,UP,True
2026-02-01 07:14:49.655940,ENA/USDT,UP,0.7998,0.14,0.1404,0.285714285714274,0.0003999999999999,503549,950.0,-50.0,0.0,0.0%,3.0,True,UP,True
2026-02-01 07:14:49.768038,LTC/USDT,UP,0.65,59.44,59.52,0.1345895020188516,0.0800000000000054,1580,950.0,-50.0,0.0,0.0%,3.0,True,UP,True
2026-02-01 07:14:49.882922,LINK/USDT,UP,0.65,10.01,9.96,-0.4995004995004888,-0.049999999999998934,23508,950.0,-50.0,0.0,0.0%,3.0,True,DOWN,False
2026-02-01 08:14:48.302553,BTC/USDT,DOWN,0.65,78169.11,79034.45,1.1070101732001254,865.3399999999965,325,950.0,-50.0,0.0,0.0%,3.0,True,UP,False
2026-02-01 08:14:48.595511,ETH/USDT,DOWN,0.65,2402.4,2432.23,1.2416749916749883,29.829999999999927,15010,950.0,-50.0,0.0,0.0%,3.0,True,UP,False
2026-02-01 08:14:48.891800,BNB/USDT,UP,0.9857,775.25,781.64,0.8242502418574635,6.389999999999986,1938,950.0,-50.0,0.0,0.0%,3.0,True,UP,True
2026-02-01 08:14:49.173721,XRP/USDT,UP,0.9411,1.65,1.6673,1.048484848484854,0.0173,2142055,950.0,-50.0,0.0,0.0%,3.0,True,UP,True
2026-02-01 08:14:49.460708,SOL/USDT,DOWN,0.65,104.5,105.79,1.2344497607655562,1.2900000000000065,38198,950.0,-50.0,0.0,0.0%,3.0,True,UP,False
2026-02-01 08:14:49.737335,ADA/USDT,UP,0.8841,0.29,0.2976,2.6206896551724124,0.0075999999999999,1387963,950.0,-50.0,0.0,0.0%,3.0,True,UP,True
2026-02-01 08:14:50.034900,DOGE/USDT,DOWN,0.65,0.1,0.1064,6.399999999999989,0.0063999999999999,8933508,950.0,-50.0,0.0,0.0%,3.0,True,UP,False
2026-02-01 08:14:50.310779,MATIC/USDT,UP,0.65,0.38,,,,810855,950.0,-50.0,0.0,0.0%,3.0,False,,
2026-02-01 08:14:50.634357,DOT/USDT,DOWN,0.65,1.54,1.552,0.7792207792207799,0.012,110889,950.0,-50.0,0.0,0.0%,3.0,True,UP,False
2026-02-01 08:14:50.973785,AVAX/USDT,DOWN,0.8266,10.15,10.19,0.3940886699507305,0.0399999999999991,20093,950.0,-50.0,0.0,0.0%,3.0,True,UP,False
2026-02-01 08:14:51.338553,PEPE/USDT,DOWN,0.65,0.0,,,,55255408165,950.0,-50.0,0.0,0.0%,3.0,False,,
2026-02-01 08:14:51.683247,SUI/USDT,UP,0.9377,1.14,1.156,1.403508771929826,0.016,595920,950.0,-50.0,0.0,0.0%,3.0,True,UP,True
2026-02-01 08:14:52.020421,ENA/USDT,UP,0.771,0.14,0.1411,0.7857142857142785,0.0010999999999999,1365760,950.0,-50.0,0.0,0.0%,3.0,True,UP,True
2026-02-01 08:14:52.488212,LTC/USDT,UP,0.988,59.02,59.69,1.1352084039308616,0.6699999999999946,4857,950.0,-50.0,0.0,0.0%,3.0,True,UP,True
2026-02-01 08:14:52.777895,LINK/USDT,DOWN,0.65,9.89,9.97,0.8088978766430746,0.08000000000000007,62650,950.0,-50.0,0.0,0.0%,3.0,True,UP,False
2026-02-01 09:14:50.824712,BTC/USDT,UP,0.65,78492.69,78279.73,-0.2713118890434337,-212.9600000000064,87,950.0,-50.0,0.0,0.0%,3.0,True,DOWN,False
2026-02-01 09:14:51.119145,ETH/USDT,UP,0.65,2415.43,2381.03,-1.4241770616411835,-34.39999999999964,3871,950.0,-50.0,0.0,0.0%,3.0,True,DOWN,False
2026-02-01 09:14:51.375257,BNB/USDT,UP,0.65,779.18,769.85,-1.1974126645961047,-9.329999999999927,857,950.0,-50.0,0.0,0.0%,3.0,True,DOWN,False
2026-02-01 09:14:51.675162,XRP/USDT,UP,0.9304,1.67,1.633,-2.2155688622754446,-0.0369999999999999,2188340,950.0,-50.0,0.0,0.0%,3.0,True,DOWN,False
2026-02-01 09:14:51.941257,SOL/USDT,DOWN,0.59,105.21,103.75,-1.387700788898388,-1.4599999999999935,26108,950.0,-50.0,0.0,0.0%,3.0,True,DOWN,True
2026-02-01 09:14:52.218465,ADA/USDT,DOWN,0.65,0.3,0.2921,-2.633333333333321,-0.0078999999999999,1927566,950.0,-50.0,0.0,0.0%,3.0,True,DOWN,True
2026-02-01 09:14:52.504406,DOGE/USDT,DOWN,0.65,0.11,0.10465,-4.863636363636358,-0.0053499999999999,6944193,950.0,-50.0,0.0,0.0%,3.0,True,DOWN,True
2026-02-01 09:14:52.761137,MATIC/USDT,UP,0.65,0.38,,,,810855,950.0,-50.0,0.0,0.0%,3.0,False,,
2026-02-01 09:14:53.065617,DOT/USDT,UP,0.8579,1.55,1.531,-1.2258064516129117,-0.0190000000000001,54792,950.0,-50.0,0.0,0.0%,3.0,True,DOWN,False
2026-02-01 09:14:53.341192,AVAX/USDT,DOWN,0.8457,10.17,10.02,-1.474926253687319,-0.1500000000000003,15249,950.0,-50.0,0.0,0.0%,3.0,True,DOWN,True
2026-02-01 09:14:53.637524,PEPE/USDT,DOWN,0.65,0.0,,,,67227114582,950.0,-50.0,0.0,0.0%,3.0,False,,
2026-02-01 09:14:53.996556,SUI/USDT,UP,0.65,1.15,1.1352,-1.286956521739124,-0.0147999999999999,332259,950.0,-50.0,0.0,0.0%,3.0,True,DOWN,False
2026-02-01 09:14:54.278187,ENA/USDT,UP,0.7898,0.14,0.1384,-1.1428571428571557,-0.0016,596234,950.0,-50.0,0.0,0.0%,3.0,True,DOWN,False
2026-02-01 09:14:54.568836,LTC/USDT,UP,0.9592,59.44,58.75,-1.1608344549125131,-0.6899999999999977,4581,950.0,-50.0,0.0,0.0%,3.0,True,DOWN,False
2026-02-01 09:14:54.857871,LINK/USDT,UP,0.6724,9.95,9.78,-1.7085427135678386,-0.16999999999999993,25331,950.0,-50.0,0.0,0.0%,3.0,True,DOWN,False
2026-02-01 09:23:38.696562,BTC/USDT,DOWN,0.65,78329.67,78279.73,-0.0637561731078432,-49.94000000000233,163,950.0,-50.0,0.0,0.0%,3.0,True,DOWN,True
2026-02-01 09:23:38.876875,ETH/USDT,UP,0.9349,2403.36,2381.03,-0.9291159044005028,-22.329999999999927,8502,950.0,-50.0,0.0,0.0%,3.0,True,DOWN,False
2026-02-01 09:23:39.001882,BNB/USDT,UP,0.9891,776.05,769.85,-0.798917595515744,-6.199999999999932,1661,950.0,-50.0,0.0,0.0%,3.0,True,DOWN,False
2026-02-01 09:23:39.126643,XRP/USDT,UP,0.8695,1.66,1.633,-1.6265060240963802,-0.0269999999999999,2817633,950.0,-50.0,0.0,0.0%,3.0,True,DOWN,False
2026-02-01 09:23:39.248337,SOL/USDT,DOWN,0.5614,105.05,103.75,-1.2375059495478318,-1.2999999999999972,37721,950.0,-50.0,0.0,0.0%,3.0,True,DOWN,True
2026-02-01 09:23:39.386532,ADA/USDT,DOWN,0.65,0.3,0.2921,-2.633333333333321,-0.0078999999999999,2539423,950.0,-50.0,0.0,0.0%,3.0,True,DOWN,True
2026-02-01 09:23:39.541690,DOGE/USDT,DOWN,0.65,0.11,0.10465,-4.863636363636358,-0.0053499999999999,10250546,950.0,-50.0,0.0,0.0%,3.0,True,DOWN,True
2026-02-01 09:23:39.675184,MATIC/USDT,UP,0.65,0.38,,,,810855,950.0,-50.0,0.0,0.0%,3.0,False,,
2026-02-01 09:23:39.794154,DOT/USDT,DOWN,0.65,1.54,1.531,-0.5844155844155922,-0.0090000000000001,76247,950.0,-50.0,0.0,0.0%,3.0,True,DOWN,True
2026-02-01 09:23:39.907468,AVAX/USDT,DOWN,0.7507,10.14,10.02,-1.1834319526627315,-0.120000000000001,34172,950.0,-50.0,0.0,0.0%,3.0,True,DOWN,True
2026-02-01 09:23:40.031353,PEPE/USDT,UP,0.8303,0.0,,,,120038617784,950.0,-50.0,0.0,0.0%,3.0,False,,
2026-02-01 09:23:40.150802,SUI/USDT,UP,0.65,1.15,1.1352,-1.286956521739124,-0.0147999999999999,482459,950.0,-50.0,0.0,0.0%,3.0,True,DOWN,False
2026-02-01 09:23:40.262060,ENA/USDT,DOWN,0.65,0.14,0.1384,-1.1428571428571557,-0.0016,1235375,950.0,-50.0,0.0,0.0%,3.0,True,DOWN,True
2026-02-01 09:23:40.376318,LTC/USDT,UP,0.9628,59.41,58.75,-1.1109240868540593,-0.6599999999999966,6300,950.0,-50.0,0.0,0.0%,3.0,True,DOWN,False
2026-02-01 09:23:40.493867,LINK/USDT,UP,0.9567,9.93,9.78,-1.5105740181268918,-0.15000000000000036,38552,950.0,-50.0,0.0,0.0%,3.0,True,DOWN,False
,LINK/USDT,UP,0.9319,9.58,,,,116598,987.0,-13.0,0.37,51.2%,1.0,False,,
,BTC/USDT,UP,0.816,76959.8,,,,1324,998.0,-2.0,0.48,0.0%,1.0,False,,
,ETH/USDT,DOWN,0.5033,2294.08,,,,63338,993.0,-7.0,0.43,0.0%,1.0,False,,
,BNB/USDT,UP,0.6162,745.29,,,,15735,990.0,-10.0,0.4,0.0%,1.0,False,,
,XRP/USDT,UP,0.5428,1.58,,,,11387818,996.0,-4.0,0.46,0.0%,1.0,False,,
,SOL/USDT,DOWN,0.5389,100.7,,,,180284,999.0,-1.0,0.49,0.0%,1.0,False,,
,ADA/USDT,UP,0.7174,0.29,,,,10371246,994.0,-6.0,0.44,0.0%,1.0,False,,
,DOGE/USDT,UP,0.7079,0.1,,,,69587760,993.0,-7.0,0.43,0.0%,1.0,False,,
,MATIC/USDT,DOWN,0.6523,0.38,,,,810855,996.0,-4.0,0.46,0.0%,1.0,False,,
,DOT/USDT,UP,0.5892,1.48,,,,381438,985.0,-15.0,0.35,0.0%,1.0,False,,
,AVAX/USDT,UP,0.7427,9.77,,,,176259,993.0,-7.0,0.43,0.0%,1.0,False,,
,PEPE/USDT,UP,0.6274,0.0,,,,655987649367,990.0,-10.0,0.4,0.0%,1.0,False,,
,SUI/USDT,UP,0.7047,1.09,,,,4014784,990.0,-10.0,0.4,0.0%,1.0,False,,
,ENA/USDT,UP,0.6339,0.13,,,,9478070,996.0,-4.0,0.46,0.0%,1.0,False,,
,LTC/USDT,UP,0.5557,57.71,,,,31130,1000.0,0.0,0.5,0.0%,1.0,False,,
,LINK/USDT,UP,0.7774,9.44,,,,232373,988.0,-12.0,0.38,0.0%,1.0,False,,
,BTC/USDT,UP,0.6521,77172.0,,,,1660,998.0,-2.0,0.48,0.0%,1.0,False,,
,ETH/USDT,UP,0.637,2306.61,,,,78442,993.0,-7.0,0.43,0.0%,1.0,False,,
,BNB/USDT,UP,0.6655,748.18,,,,20850,990.0,-10.0,0.4,0.0%,1.0,False,,
,XRP/USDT,UP,0.6044,1.59,,,,13321524,996.0,-4.0,0.46,0.0%,1.0,False,,
,SOL/USDT,UP,0.5251,101.08,,,,218319,999.0,-1.0,0.49,0.0%,1.0,False,,
,ADA/USDT,UP,0.7227,0.29,,,,12269319,994.0,-6.0,0.44,0.0%,1.0,False,,
,DOGE/USDT,UP,0.7809,0.1,,,,92191073,993.0,-7.0,0.43,0.0%,1.0,False,,
,MATIC/USDT,DOWN,0.6523,0.38,,,,810855,996.0,-4.0,0.46,0.0%,1.0,False,,
,DOT/USDT,UP,0.6329,1.49,,,,467890,985.0,-15.0,0.35,0.0%,1.0,False,,
,AVAX/USDT,UP,0.8157,9.8,,,,214985,993.0,-7.0,0.43,0.0%,1.0,False,,
,PEPE/USDT,UP,0.7841,0.0,,,,823161887901,990.0,-10.0,0.4,0.0%,1.0,False,,
,SUI/USDT,UP,0.6945,1.09,,,,4917470,990.0,-10.0,0.4,0.0%,1.0,False,,
,ENA/USDT,UP,0.7376,0.14,,,,11866322,996.0,-4.0,0.46,0.0%,1.0,False,,
,LTC/USDT,UP,0.6862,58.1,,,,39270,1000.0,0.0,0.5,0.0%,1.0,False,,
,LINK/USDT,UP,0.7054,9.49,,,,304043,988.0,-12.0,0.38,0.0%,1.0,False,,
,BTC/USDT,UP,0.6521,77225.41,,,,1777,998.0,-2.0,0.48,0.0%,1.0,False,,
,ETH/USDT,UP,0.637,2304.9,,,,84231,993.0,-7.0,0.43,0.0%,1.0,False,,
,BNB/USDT,UP,0.6213,748.0,,,,24672,990.0,-10.0,0.4,0.0%,1.0,False,,
,XRP/USDT,UP,0.6044,1.59,,,,14146018,996.0,-4.0,0.46,0.0%,1.0,False,,
,SOL/USDT,UP,0.5251,101.16,,,,236168,999.0,-1.0,0.49,0.0%,1.0,False,,
,ADA/USDT,UP,0.7761,0.29,,,,13195241,994.0,-6.0,0.44,0.0%,1.0,False,,
,DOGE/USDT,UP,0.7809,0.1,,,,99238243,993.0,-7.0,0.43,0.0%,1.0,False,,
,MATIC/USDT,DOWN,0.6523,0.38,,,,810855,996.0,-4.0,0.46,0.0%,1.0,False,,
,DOT/USDT,UP,0.654,1.49,,,,571618,985.0,-15.0,0.35,0.0%,1.0,False,,
,AVAX/USDT,UP,0.8157,9.81,,,,236151,993.0,-7.0,0.43,0.0%,1.0,False,,
,PEPE/USDT,UP,0.7841,0.0,,,,871787053778,990.0,-10.0,0.4,0.0%,1.0,False,,
,SUI/USDT,UP,0.6945,1.1,,,,5232556,990.0,-10.0,0.4,0.0%,1.0,False,,
,ENA/USDT,UP,0.7223,0.14,,,,13608968,996.0,-4.0,0.46,0.0%,1.0,False,,
,LTC/USDT,UP,0.7381,58.2,,,,43119,1000.0,0.0,0.5,0.0%,1.0,False,,
2026-02-01 15:00:00,LINK/USDT,UP,0.5832,9.50,,,,336668,988.00,-12.00,0.3800,0.0%,1,False,,
2026-02-01 15:00:00,BTC/USDT,UP,0.6250,77400.01,,,,1833,998.00,-2.00,0.4800,0.0%,1,False,,
2026-02-01 15:00:00,ETH/USDT,UP,0.6556,2317.23,,,,87474,993.00,-7.00,0.4300,0.0%,1,False,,
2026-02-01 15:00:00,BNB/USDT,UP,0.6484,749.58,,,,25564,990.00,-10.00,0.4000,0.0%,1,False,,
2026-02-01 15:00:00,XRP/USDT,UP,0.5707,1.59,,,,14855939,996.00,-4.00,0.4600,0.0%,1,False,,
2026-02-01 15:00:00,SOL/USDT,UP,0.5666,101.59,,,,244970,999.00,-1.00,0.4900,0.0%,1,False,,
2026-02-01 15:00:00,ADA/USDT,UP,0.7887,0.29,,,,13514890,994.00,-6.00,0.4400,0.0%,1,False,,
2026-02-01 15:00:00,DOGE/USDT,UP,0.7778,0.10,,,,104070769,993.00,-7.00,0.4300,0.0%,1,False,,
2024-09-10 02:00:00,MATIC/USDT,DOWN,0.6523,0.38,,,,810855,996.00,-4.00,0.4600,0.0%,1,False,,
2026-02-01 15:00:00,DOT/USDT,UP,0.7262,1.50,,,,588575,985.00,-15.00,0.3500,0.0%,1,False,,
2026-02-01 15:00:00,AVAX/USDT,UP,0.8278,9.85,,,,249572,993.00,-7.00,0.4300,0.0%,1,False,,
2026-02-01 15:00:00,PEPE/USDT,UP,0.7490,0.00,,,,924064860259,990.00,-10.00,0.4000,0.0%,1,False,,
2026-02-01 15:00:00,SUI/USDT,UP,0.7709,1.10,,,,5364576,990.00,-10.00,0.4000,0.0%,1,False,,
2026-02-01 15:00:00,ENA/USDT,UP,0.6710,0.14,,,,14091332,996.00,-4.00,0.4600,0.0%,1,False,,
2026-02-01 15:00:00,LTC/USDT,UP,0.7280,58.42,,,,44918,1000.00,0.00,0.5000,0.0%,1,False,,
2026-02-01 15:00:00,LINK/USDT,UP,0.6797,9.54,,,,342659,988.00,-12.00,0.3800,0.0%,1,False,,
2026-02-01 15:00:00,BTC/USDT,UP,0.6034,77574.00,,,,1935,998.00,-2.00,0.4800,0.0%,1,False,,
2026-02-01 15:00:00,ETH/USDT,UP,0.6556,2318.94,,,,94778,993.00,-7.00,0.4300,0.0%,1,False,,
2026-02-01 15:00:00,BNB/USDT,UP,0.6303,750.75,,,,28203,990.00,-10.00,0.4000,0.0%,1,False,,
2026-02-01 15:00:00,XRP/USDT,UP,0.6044,1.59,,,,15896317,996.00,-4.00,0.4600,0.0%,1,False,,
2026-02-01 15:00:00,SOL/USDT,DOWN,0.4938,101.46,,,,262461,999.00,-1.00,0.4900,0.0%,1,False,,
2026-02-01 15:00:00,ADA/USDT,UP,0.6486,0.29,,,,16126314,994.00,-6.00,0.4400,0.0%,1,False,,
2026-02-01 15:00:00,DOGE/USDT,UP,0.7778,0.10,,,,110250153,993.00,-7.00,0.4300,0.0%,1,False,,
2024-09-10 02:00:00,MATIC/USDT,DOWN,0.6523,0.38,,,,810855,996.00,-4.00,0.4600,0.0%,1,False,,
2026-02-01 15:00:00,DOT/USDT,UP,0.7262,1.50,,,,609160,985.00,-15.00,0.3500,0.0%,1,False,,
2026-02-01 15:00:00,AVAX/USDT,UP,0.8278,9.85,,,,285056,993.00,-7.00,0.4300,0.0%,1,False,,
2026-02-01 15:00:00,PEPE/USDT,UP,0.7490,0.00,,,,988219544438,990.00,-10.00,0.4000,0.0%,1,False,,
2026-02-01 15:00:00,SUI/USDT,UP,0.7709,1.10,,,,5702417,990.00,-10.00,0.4000,0.0%,1,False,,
2026-02-01 15:00:00,ENA/USDT,UP,0.6710,0.14,,,,14843162,996.00,-4.00,0.4600,0.0%,1,False,,
2026-02-01 15:00:00,LTC/USDT,UP,0.7280,58.40,,,,48293,1000.00,0.00,0.5000,0.0%,1,False,,
2026-02-01 15:00:00,LINK/USDT,UP,0.6797,9.54,,,,371578,988.00,-12.00,0.3800,0.0%,1,False,,
2026-02-01 16:00:00,BTC/USDT,UP,0.7885,77433.98,,,,366,991.00,-9.00,0.4100,0.0%,1,False,,
2026-02-01 16:00:00,ETH/USDT,UP,0.7875,2306.53,,,,21296,993.00,-7.00,0.4300,0.0%,1,False,,
2026-02-01 16:00:00,BNB/USDT,UP,0.7602,752.69,,,,5905,990.00,-10.00,0.4000,0.0%,1,False,,
2026-02-01 16:00:00,XRP/USDT,UP,0.8503,1.59,,,,2779470,992.00,-8.00,0.4200,0.0%,1,False,,
2026-02-01 16:00:00,SOL/USDT,UP,0.7822,101.94,,,,62618,1002.00,2.00,0.5200,0.0%,1,False,,
2026-02-01 16:00:00,ADA/USDT,UP,0.7066,0.29,,,,4877446,997.00,-3.00,0.4700,0.0%,1,False,,
2026-02-01 16:00:00,DOGE/USDT,UP,0.8250,0.10,,,,27794027,990.00,-10.00,0.4000,0.0%,1,False,,
2024-09-10 02:00:00,MATIC/USDT,DOWN,0.6523,0.38,,,,810855,996.00,-4.00,0.4600,0.0%,1,False,,
2026-02-01 16:00:00,DOT/USDT,UP,0.8751,1.50,,,,141598,987.00,-13.00,0.3700,0.0%,1,False,,
2026-02-01 16:00:00,AVAX/USDT,UP,0.8676,9.85,,,,70468,991.00,-9.00,0.4100,0.0%,1,False,,
2026-02-01 16:00:00,PEPE/USDT,UP,0.7419,0.00,,,,224158461875,997.00,-3.00,0.4700,0.0%,1,False,,
2026-02-01 16:00:00,SUI/USDT,UP,0.7312,1.10,,,,1167315,992.00,-8.00,0.4200,0.0%,1,False,,
2026-02-01 16:00:00,ENA/USDT,UP,0.8279,0.14,,,,5190084,996.00,-4.00,0.4600,0.0%,1,False,,
2026-02-01 16:00:00,LTC/USDT,UP,0.7443,58.41,,,,10135,994.00,-6.00,0.4400,0.0%,1,False,,
2026-02-01 16:00:00,LINK/USDT,UP,0.8545,9.53,,,,112516,984.00,-16.00,0.3400,0.0%,1,False,,
2026-02-01 16:00:00,BTC/USDT,UP,0.8804,77649.86,,,,566,992.00,-8.00,0.4200,0.0%,1,False,,
2026-02-01 16:00:00,ETH/USDT,UP,0.7478,2324.50,,,,33861,994.00,-6.00,0.4400,0.0%,1,False,,
2026-02-01 16:00:00,BNB/USDT,UP,0.7831,753.88,,,,11155,990.00,-10.00,0.4000,0.0%,1,False,,
2026-02-01 16:00:00,XRP/USDT,UP,0.8928,1.60,,,,4536164,993.00,-7.00,0.4300,0.0%,1,False,,
2026-02-01 16:00:00,SOL/USDT,UP,0.6903,102.54,,,,96633,1002.00,2.00,0.5200,0.0%,1,False,,
2026-02-01 16:00:00,ADA/USDT,UP,0.6540,0.29,,,,6507138,998.00,-2.00,0.4800,0.0%,1,False,,
2026-02-01 16:00:00,DOGE/USDT,UP,0.8615,0.10,,,,44443237,991.00,-9.00,0.4100,0.0%,1,False,,
2024-09-10 02:00:00,MATIC/USDT,DOWN,0.6523,0.38,,,,810855,996.00,-4.00,0.4600,0.0%,1,False,,
2026-02-01 16:00:00,DOT/USDT,UP,0.8896,1.51,,,,226001,987.00,-13.00,0.3700,0.0%,1,False,,
2026-02-01 16:00:00,AVAX/USDT,UP,0.8748,9.89,,,,109832,992.00,-8.00,0.4200,0.0%,1,False,,
2026-02-01 16:00:00,PEPE/USDT,UP,0.6550,0.00,,,,342680625225,997.00,-3.00,0.4700,0.0%,1,False,,
2026-02-01 16:00:00,SUI/USDT,UP,0.8189,1.11,,,,1745311,992.00,-8.00,0.4200,0.0%,1,False,,
2026-02-01 16:00:00,ENA/USDT,UP,0.7661,0.14,,,,6765348,996.00,-4.00,0.4600,0.0%,1,False,,
2026-02-01 16:00:00,LTC/USDT,UP,0.6748,58.63,,,,18153,995.00,-5.00,0.4500,0.0%,1,False,,
2026-02-01 16:00:00,LINK/USDT,UP,0.7149,9.58,,,,156059,985.00,-15.00,0.3500,0.0%,1,False,,
2026-02-01 16:00:00,BTC/USDT,UP,0.8981,77424.04,,,,1038,991.00,-9.00,0.4100,0.0%,1,False,,
2026-02-01 16:00:00,ETH/USDT,UP,0.6602,2308.54,,,,62106,993.00,-7.00,0.4300,0.0%,1,False,,
2026-02-01 16:00:00,BNB/USDT,UP,0.7504,753.80,,,,16777,990.00,-10.00,0.4000,0.0%,1,False,,
2026-02-01 16:00:00,XRP/USDT,UP,0.7890,1.59,,,,7794941,992.00,-8.00,0.4200,0.0%,1,False,,
2026-02-01 16:00:00,SOL/USDT,UP,0.6653,101.83,,,,176218,1002.00,2.00,0.5200,0.0%,1,False,,
2026-02-01 16:00:00,ADA/USDT,UP,0.7646,0.29,,,,9597637,997.00,-3.00,0.4700,0.0%,1,False,,
2026-02-01 16:00:00,DOGE/USDT,UP,0.8086,0.10,,,,71894505,990.00,-10.00,0.4000,0.0%,1,False,,
2024-09-10 02:00:00,MATIC/USDT,DOWN,0.6523,0.38,,,,810855,996.00,-4.00,0.4600,0.0%,1,False,,
2026-02-01 16:00:00,DOT/USDT,UP,0.8085,1.50,,,,365283,986.00,-14.00,0.3600,0.0%,1,False,,
2026-02-01 16:00:00,AVAX/USDT,UP,0.8892,9.85,,,,192067,991.00,-9.00,0.4100,0.0%,1,False,,
2026-02-01 16:00:00,PEPE/USDT,UP,0.6938,0.00,,,,591262177782,996.00,-4.00,0.4600,0.0%,1,False,,
2026-02-01 16:00:00,SUI/USDT,UP,0.7589,1.10,,,,3783959,992.00,-8.00,0.4200,0.0%,1,False,,
2026-02-01 16:00:00,ENA/USDT,UP,0.7736,0.14,,,,10132335,996.00,-4.00,0.4600,0.0%,1,False,,
2026-02-01 16:00:00,LTC/USDT,UP,0.6072,58.30,,,,30002,994.00,-6.00,0.4400,0.0%,1,False,,
2026-02-01 16:00:00,LINK/USDT,UP,0.7229,9.50,,,,652856,984.00,-16.00,0.3400,0.0%,1,False,,
2026-02-01 17:00:00,BTC/USDT,UP,0.8704,77457.49,,,,269,991.00,-9.00,0.4100,0.0%,1,False,,
2026-02-01 17:00:00,ETH/USDT,UP,0.9043,2304.14,,,,17278,993.00,-7.00,0.4300,0.0%,1,False,,
2026-02-01 17:00:00,BNB/USDT,UP,0.6686,751.74,,,,2103,989.00,-11.00,0.3900,0.0%,1,False,,
2026-02-01 17:00:00,XRP/USDT,UP,0.9064,1.59,,,,1899250,992.00,-8.00,0.4200,0.0%,1,False,,
2026-02-01 17:00:00,SOL/USDT,UP,0.6966,101.44,,,,54592,1002.00,2.00,0.5200,0.0%,1,False,,
2026-02-01 17:00:00,ADA/USDT,UP,0.7374,0.29,,,,2381725,997.00,-3.00,0.4700,0.0%,1,False,,
2026-02-01 17:00:00,DOGE/USDT,UP,0.8973,0.10,,,,24362606,990.00,-10.00,0.4000,0.0%,1,False,,
2024-09-10 02:00:00,MATIC/USDT,DOWN,0.6523,0.38,,,,810855,996.00,-4.00,0.4600,0.0%,1,False,,
2026-02-01 17:00:00,DOT/USDT,UP,0.5670,1.50,,,,67380,986.00,-14.00,0.3600,0.0%,1,False,,
2026-02-01 17:00:00,AVAX/USDT,UP,0.8455,9.84,,,,51341,991.00,-9.00,0.4100,0.0%,1,False,,
2026-02-01 17:00:00,PEPE/USDT,UP,0.7577,0.00,,,,188121591898,995.00,-5.00,0.4500,0.0%,1,False,,
2026-02-01 17:00:00,SUI/USDT,UP,0.7769,1.10,,,,1126766,991.00,-9.00,0.4100,0.0%,1,False,,
2026-02-01 17:00:00,ENA/USDT,UP,0.6244,0.14,,,,2735139,995.00,-5.00,0.4500,0.0%,1,False,,
2026-02-01 17:00:00,LTC/USDT,UP,0.5982,58.30,,,,12543,994.00,-6.00,0.4400,0.0%,1,False,,
2026-02-01 17:00:00,LINK/USDT,UP,0.7779,9.46,,,,129565,983.00,-17.00,0.3300,0.0%,1,False,,
